Date,Open,Close,High,Low,Volume
2010-01-01,2294.409912109375,2300.050048828125,2314.070068359375,2285.219970703125,8822630000
2010-01-08,2292.239990234375,2316.739990234375,2326.280029296875,2272.699951171875,11164120000
2010-01-15,2316.97998046875,2265.699951171875,2322.5400390625,2259.820068359375,9912750000
2010-01-22,2255.760009765625,2179.0,2262.27001953125,2166.89990234375,12635750000
2010-01-29,2198.260009765625,2125.429931640625,2202.840087890625,2125.429931640625,12897930000
2010-02-05,2131.919921875,2177.409912109375,2179.5400390625,2100.169921875,11345000000
2010-02-12,2157.68994140625,2241.7099609375,2243.5,2151.989990234375,8489380000
2010-02-19,2233.330078125,2234.219970703125,2251.679931640625,2198.72998046875,10910200000
2010-02-26,2234.43994140625,2292.31005859375,2293.320068359375,2222.22998046875,12409770000
2010-03-05,2304.010009765625,2368.4599609375,2368.4599609375,2301.10009765625,12156080000
2010-03-12,2376.070068359375,2391.280029296875,2400.090087890625,2345.989990234375,10711300000
2010-03-19,2391.199951171875,2397.409912109375,2432.25,2358.0,13110090000
2010-03-26,2406.72998046875,2402.580078125,2423.429931640625,2383.77001953125,11192010000
2010-04-02,2409.47998046875,2436.81005859375,2443.5,2403.8798828125,9764480000
2010-04-09,2441.31005859375,2515.68994140625,2517.820068359375,2432.929931640625,13026530000
2010-04-16,2505.3798828125,2519.070068359375,2521.02001953125,2451.719970703125,12858440000
2010-04-23,2514.85009765625,2511.919921875,2535.280029296875,2456.6298828125,13697690000
2010-04-30,2509.989990234375,2319.639892578125,2514.3701171875,2185.75,15887170000
2010-05-07,2308.7099609375,2394.360107421875,2434.2900390625,2228.06005859375,14375510000
2010-05-14,2373.8798828125,2204.010009765625,2374.909912109375,2203.5,13644390000
2010-05-21,2169.580078125,2277.679931640625,2278.3701171875,2140.530029296875,13971590000
2010-05-28,2275.18994140625,2303.030029296875,2307.469970703125,2220.889892578125,8772590000
2010-06-04,2257.050048828125,2218.7099609375,2278.580078125,2139.4599609375,11808630000
2010-06-11,2199.39990234375,2307.159912109375,2318.27001953125,2196.909912109375,9876170000
2010-06-18,2308.93994140625,2217.419921875,2341.110107421875,2213.5,9876190000
2010-06-25,2224.72998046875,2101.360107421875,2241.639892578125,2061.139892578125,13182810000
2010-07-02,2105.5,2175.39990234375,2181.300048828125,2077.7099609375,8078880000
2010-07-09,2174.199951171875,2249.080078125,2260.330078125,2170.760009765625,9863670000
2010-07-16,2231.7099609375,2245.889892578125,2251.419921875,2159.949951171875,10298760000
2010-07-23,2234.340087890625,2251.68994140625,2307.60009765625,2227.5,10813380000
2010-07-30,2227.2900390625,2293.06005859375,2305.070068359375,2218.610107421875,9885120000
2010-08-06,2267.419921875,2190.27001953125,2309.429931640625,2163.070068359375,9994940000
2010-08-13,2183.090087890625,2178.949951171875,2228.89990234375,2155.659912109375,8718890000
2010-08-20,2172.260009765625,2118.68994140625,2200.52001953125,2102.260009765625,9530040000
2010-08-27,2134.159912109375,2200.010009765625,2200.010009765625,2099.2900390625,9618420000
2010-09-03,2227.9599609375,2236.199951171875,2251.97998046875,2206.6201171875,7057890000
2010-09-10,2239.080078125,2303.25,2304.949951171875,2229.1201171875,9585540000
2010-09-17,2318.419921875,2327.080078125,2366.760009765625,2301.820068359375,10640420000
2010-09-24,2356.260009765625,2368.6201171875,2400.06005859375,2339.5,10488460000
2010-10-01,2386.820068359375,2383.669921875,2402.419921875,2332.4599609375,9988140000
2010-10-08,2384.760009765625,2435.3798828125,2452.5400390625,2370.530029296875,9810880000
2010-10-15,2461.699951171875,2459.669921875,2482.139892578125,2422.139892578125,10351610000
2010-10-22,2461.60009765625,2507.3701171875,2516.199951171875,2459.429931640625,9320430000
2010-10-29,2505.989990234375,2577.340087890625,2579.6201171875,2491.4599609375,10370930000
2010-11-05,2577.6298828125,2555.52001953125,2592.93994140625,2524.1201171875,10608460000
2010-11-12,2540.469970703125,2514.39990234375,2552.239990234375,2459.7900390625,10141010000
2010-11-19,2510.7900390625,2543.1201171875,2545.409912109375,2483.159912109375,7217140000
2010-11-26,2525.909912109375,2579.35009765625,2580.590087890625,2488.610107421875,8772790000
2010-12-03,2569.02001953125,2616.669921875,2624.840087890625,2567.8798828125,9022160000
2010-12-10,2623.280029296875,2637.31005859375,2645.7900390625,2613.14990234375,9024600000
2010-12-17,2643.35009765625,2665.60009765625,2675.260009765625,2634.56005859375,8661660000
2010-12-24,2657.090087890625,2662.97998046875,2673.02001953125,2645.3798828125,4423800000
2010-12-31,2660.580078125,2709.889892578125,2712.35009765625,2649.0400390625,9117940000
2011-01-07,2712.75,2735.2900390625,2742.429931640625,2676.360107421875,9536050000
2011-01-14,2732.47998046875,2704.2900390625,2766.169921875,2686.590087890625,8494580000
2011-01-21,2716.919921875,2755.280029296875,2763.639892578125,2687.969970703125,9776340000
2011-01-28,2755.280029296875,2753.8798828125,2758.510009765625,2676.8701171875,10545300000
2011-02-04,2755.85009765625,2790.449951171875,2798.909912109375,2747.860107421875,9956170000
2011-02-11,2783.159912109375,2831.580078125,2835.199951171875,2778.2099609375,10254000000
2011-02-18,2833.35009765625,2737.89990234375,2840.510009765625,2705.5400390625,8916000000
2011-02-25,2752.159912109375,2798.739990234375,2802.320068359375,2730.719970703125,10067460000
2011-03-04,2797.639892578125,2701.02001953125,2798.070068359375,2695.080078125,10283440000
2011-03-11,2689.64990234375,2636.050048828125,2724.610107421875,2603.5,10584070000
2011-03-18,2665.5400390625,2736.419921875,2740.389892578125,2639.760009765625,9119520000
2011-03-25,2746.340087890625,2781.070068359375,2783.97998046875,2720.18994140625,8872820000
2011-04-01,2796.669921875,2796.139892578125,2815.550048828125,2778.8701171875,9554210000
2011-04-08,2806.2900390625,2760.219970703125,2808.56005859375,2733.679931640625,8985200000
2011-04-15,2752.8701171875,2820.159912109375,2820.77001953125,2706.5,9436190000
2011-04-22,2820.280029296875,2872.530029296875,2874.590087890625,2813.199951171875,7593350000
2011-04-29,2869.739990234375,2814.719970703125,2887.75,2804.820068359375,11169930000
2011-05-06,2840.7099609375,2863.0400390625,2874.610107421875,2818.64990234375,10179270000
2011-05-13,2859.699951171875,2823.31005859375,2861.510009765625,2759.2900390625,9832050000
2011-05-20,2815.9599609375,2782.919921875,2821.43994140625,2739.85009765625,9250100000
2011-05-27,2789.02001953125,2773.31005859375,2835.340087890625,2759.169921875,8265290000
2011-06-03,2740.489990234375,2684.8701171875,2762.56005859375,2670.02001953125,9456130000
2011-06-10,2675.10009765625,2623.699951171875,2685.64990234375,2599.860107421875,9461030000
2011-06-17,2646.2900390625,2686.75,2693.22998046875,2607.739990234375,9579850000
2011-06-24,2681.10009765625,2773.52001953125,2776.56005859375,2647.4599609375,9899820000
2011-07-01,2775.080078125,2872.659912109375,2878.93994140625,2769.06005859375,6716200000
2011-07-08,2841.2900390625,2762.669921875,2860.02001953125,2755.89990234375,9225460000
2011-07-15,2787.330078125,2834.429931640625,2847.409912109375,2743.7900390625,9587180000
2011-07-22,2834.4599609375,2766.25,2862.719970703125,2757.85009765625,9452930000
2011-07-29,2736.669921875,2556.389892578125,2796.239990234375,2556.3798828125,12762550000
2011-08-05,2580.300048828125,2492.679931640625,2592.0400390625,2331.64990234375,18072340000
2011-08-12,2507.010009765625,2380.429931640625,2555.199951171875,2362.969970703125,10941590000
2011-08-19,2353.320068359375,2419.6298828125,2482.89990234375,2337.280029296875,10167670000
2011-08-26,2408.7900390625,2546.0400390625,2611.580078125,2385.27001953125,9077370000
2011-09-02,2497.280029296875,2529.139892578125,2568.449951171875,2414.31005859375,7080170000
2011-09-09,2508.1201171875,2607.070068359375,2608.949951171875,2438.39990234375,10257430000
2011-09-16,2607.1201171875,2455.669921875,2643.3701171875,2420.22998046875,11601850000
2011-09-23,2438.6298828125,2480.760009765625,2590.93994140625,2433.580078125,10273210000
2011-09-30,2444.77001953125,2506.820068359375,2507.43994140625,2298.889892578125,12351540000
2011-10-07,2509.610107421875,2620.239990234375,2629.489990234375,2468.60009765625,8963460000
2011-10-14,2655.22998046875,2598.6201171875,2667.85009765625,2557.169921875,9291610000
2011-10-21,2630.300048828125,2738.6298828125,2753.3701171875,2598.739990234375,10611500000
2011-10-28,2724.030029296875,2697.969970703125,2742.27001953125,2597.159912109375,9933340000
2011-11-04,2678.159912109375,2625.14990234375,2730.389892578125,2601.7900390625,9530270000
2011-11-11,2653.530029296875,2587.989990234375,2695.8701171875,2576.219970703125,8858660000
2011-11-18,2595.02001953125,2460.080078125,2595.840087890625,2460.080078125,7303710000
2011-11-25,2453.030029296875,2626.199951171875,2636.080078125,2441.47998046875,8209180000
2011-12-02,2650.800048828125,2596.3798828125,2674.530029296875,2592.550048828125,8344170000
2011-12-09,2603.179931640625,2541.010009765625,2653.4599609375,2525.8798828125,8531990000
2011-12-16,2554.6201171875,2599.449951171875,2604.52001953125,2518.010009765625,9429840000
2011-12-23,2607.429931640625,2613.739990234375,2633.340087890625,2586.85009765625,3987840000
2011-12-30,2610.22998046875,2669.860107421875,2673.56005859375,2604.60009765625,6200580000
2012-01-06,2671.169921875,2724.699951171875,2726.429931640625,2658.830078125,8629880000
2012-01-13,2707.409912109375,2788.330078125,2793.35009765625,2689.580078125,7249060000
2012-01-20,2776.0400390625,2805.280029296875,2834.300048828125,2766.340087890625,9140300000
2012-01-27,2797.659912109375,2859.679931640625,2868.22998046875,2782.43994140625,9202020000
2012-02-03,2888.949951171875,2927.22998046875,2930.679931640625,2885.169921875,9756200000
2012-02-10,2902.0,2959.85009765625,2961.3798828125,2895.10009765625,9273460000
2012-02-17,2958.219970703125,2956.97998046875,2965.050048828125,2922.9599609375,7270140000
2012-02-24,2963.1298828125,2988.969970703125,3000.110107421875,2933.300048828125,9293200000
2012-03-02,2986.080078125,2970.419921875,2995.969970703125,2900.280029296875,8513980000
2012-03-09,2975.090087890625,3056.3701171875,3059.81005859375,2973.64990234375,7971960000
2012-03-16,3058.489990234375,3063.320068359375,3090.080078125,3047.68994140625,8222790000
2012-03-23,3066.3701171875,3095.360107421875,3134.169921875,3044.669921875,8240760000
2012-03-30,3110.969970703125,3080.5,3128.25,3052.580078125,8767480000
2012-04-06,3037.280029296875,3055.550048828125,3059.260009765625,2987.0,6345970000
2012-04-13,3045.080078125,3007.56005859375,3058.719970703125,2975.8701171875,8223830000
2012-04-20,3023.72998046875,3050.610107421875,3056.77001953125,2946.0400390625,8878920000
2012-04-27,3060.340087890625,3024.300048828125,3085.39990234375,3016.199951171875,8959470000
2012-05-04,3001.14990234375,2933.639892578125,3001.47998046875,2900.06005859375,9911520000
2012-05-11,2919.35009765625,2813.68994140625,2960.3798828125,2813.68994140625,9195930000
2012-05-18,2814.429931640625,2839.3798828125,2867.340087890625,2774.449951171875,10104650000
2012-05-25,2839.739990234375,2827.340087890625,2882.830078125,2801.9599609375,5355280000
2012-06-01,2810.1298828125,2831.02001953125,2873.590087890625,2726.679931640625,8764140000
2012-06-08,2823.820068359375,2836.330078125,2882.9599609375,2802.3798828125,7700240000
2012-06-15,2839.39990234375,2859.090087890625,2942.280029296875,2837.93994140625,8827050000
2012-06-22,2866.169921875,2849.489990234375,2894.35009765625,2818.18994140625,10146030000
2012-06-29,2902.43994140625,2976.1201171875,2987.93994140625,2895.60009765625,6299750000
2012-07-06,2955.199951171875,2866.18994140625,2957.5,2837.719970703125,7973230000
2012-07-13,2874.06005859375,2965.89990234375,2976.219970703125,2871.64990234375,8115210000
2012-07-20,2957.02001953125,2893.25,2957.02001953125,2839.760009765625,8931640000
2012-07-27,2906.5,2909.77001953125,2970.300048828125,2890.85009765625,8933190000
2012-08-03,2951.280029296875,3018.639892578125,3028.610107421875,2945.81005859375,8710260000
2012-08-10,3008.830078125,3062.389892578125,3067.43994140625,2999.1201171875,7951830000
2012-08-17,3067.110107421875,3053.39990234375,3100.5400390625,3045.52001953125,7509400000
2012-08-24,3045.219970703125,3048.7099609375,3087.239990234375,3042.219970703125,6597550000
2012-08-31,3069.639892578125,3135.81005859375,3135.81005859375,3040.239990234375,6314650000
2012-09-07,3133.219970703125,3155.830078125,3167.6298828125,3098.820068359375,8461450000
2012-09-14,3166.239990234375,3175.9599609375,3195.669921875,3156.4599609375,8837360000
2012-09-21,3194.860107421875,3136.60009765625,3196.929931640625,3080.280029296875,9636390000
2012-09-28,3125.31005859375,3149.4599609375,3153.47998046875,3101.639892578125,8521620000
2012-10-05,3161.2099609375,3049.409912109375,3171.4599609375,3046.780029296875,7823930000
2012-10-12,3049.080078125,3072.8701171875,3112.449951171875,3037.27001953125,8639420000
2012-10-19,3066.56005859375,2986.1201171875,3066.56005859375,2974.070068359375,9600210000
2012-10-26,2986.050048828125,3020.06005859375,3021.93994140625,2961.159912109375,5526620000
2012-11-02,3033.85009765625,2895.580078125,3033.85009765625,2895.580078125,9049340000
2012-11-09,2892.570068359375,2836.93994140625,2931.110107421875,2826.75,9114970000
2012-11-16,2838.89990234375,2926.550048828125,2928.169921875,2810.800048828125,6973780000
2012-11-23,2943.6201171875,3012.030029296875,3017.179931640625,2935.8798828125,7681770000
2012-11-30,3013.25,2989.27001953125,3030.280029296875,2958.260009765625,9157610000
2012-12-07,2999.68994140625,2992.159912109375,3035.18994140625,2968.820068359375,8654070000
2012-12-14,2976.949951171875,3050.389892578125,3061.820068359375,2963.800048828125,9344990000
2012-12-21,2998.60009765625,2985.909912109375,3022.18994140625,2951.0400390625,5859300000
2012-12-28,2965.1201171875,3100.570068359375,3118.179931640625,2953.52001953125,6581480000
2013-01-04,3100.8798828125,3121.760009765625,3127.719970703125,3076.60009765625,8678810000
2013-01-11,3122.1201171875,3136.0,3144.050048828125,3093.320068359375,8960410000
2013-01-18,3127.909912109375,3130.3798828125,3161.06005859375,3119.199951171875,7395980000
2013-01-25,3140.64990234375,3142.1298828125,3164.06005859375,3133.110107421875,10111700000
2013-02-01,3162.93994140625,3165.1298828125,3183.139892578125,3130.570068359375,9996460000
2013-02-08,3178.06005859375,3198.659912109375,3205.52001953125,3177.179931640625,8902000000
2013-02-15,3202.840087890625,3131.489990234375,3213.60009765625,3118.6201171875,7756940000
2013-02-22,3149.090087890625,3160.18994140625,3186.25,3105.360107421875,9110030000
2013-03-01,3143.5400390625,3232.090087890625,3235.10009765625,3129.39990234375,8919710000
2013-03-08,3245.85009765625,3258.929931640625,3258.929931640625,3227.889892578125,8142870000
2013-03-15,3260.4599609375,3222.60009765625,3260.6201171875,3205.419921875,8837800000
2013-03-22,3235.300048828125,3267.52001953125,3270.300048828125,3222.47998046875,7848800000
2013-03-29,3268.6298828125,3224.97998046875,3270.22998046875,3206.02001953125,6351790000
2013-04-05,3174.0,3300.159912109375,3306.949951171875,3168.8798828125,8014780000
2013-04-12,3292.389892578125,3166.360107421875,3296.5,3154.9599609375,8434630000
2013-04-19,3169.320068359375,3289.989990234375,3301.280029296875,3168.330078125,8802780000
2013-04-26,3284.070068359375,3340.6201171875,3344.89990234375,3268.030029296875,8942430000
2013-05-03,3371.409912109375,3409.169921875,3428.5400390625,3370.300048828125,8538400000
2013-05-10,3414.840087890625,3465.239990234375,3485.949951171875,3411.590087890625,8915430000
2013-05-17,3483.409912109375,3459.419921875,3532.0400390625,3422.510009765625,9350650000
2013-05-24,3438.280029296875,3491.300048828125,3514.800048828125,3429.31005859375,6729250000
2013-05-31,3478.219970703125,3424.050048828125,3500.669921875,3378.239990234375,9510600000
2013-06-07,3437.840087890625,3445.360107421875,3484.81005859375,3387.610107421875,7978640000
2013-06-14,3442.31005859375,3364.639892578125,3488.31005859375,3355.929931640625,8405650000
2013-06-21,3367.81005859375,3401.860107421875,3412.7900390625,3294.949951171875,9971220000
2013-06-28,3389.300048828125,3443.669921875,3455.419921875,3382.75,7838330000
2013-07-05,3468.47998046875,3578.300048828125,3579.2900390625,3441.780029296875,7721190000
2013-07-12,3579.580078125,3611.280029296875,3624.5400390625,3576.570068359375,7939220000
2013-07-19,3581.89990234375,3605.18994140625,3606.699951171875,3573.530029296875,8973450000
2013-07-26,3584.85009765625,3675.739990234375,3678.5,3581.260009765625,8911030000
2013-08-02,3671.110107421875,3669.1201171875,3694.18994140625,3633.590087890625,7962060000
2013-08-09,3664.27001953125,3606.1201171875,3691.06005859375,3600.9599609375,7945600000
2013-08-16,3603.780029296875,3638.7099609375,3639.2099609375,3589.02001953125,6575670000
2013-08-23,3659.2099609375,3620.300048828125,3684.219970703125,3573.570068359375,7259710000
2013-08-30,3621.590087890625,3658.780029296875,3665.010009765625,3581.050048828125,6363290000
2013-09-06,3672.820068359375,3715.969970703125,3731.840087890625,3618.77001953125,8530410000
2013-09-13,3723.27001953125,3789.3798828125,3798.159912109375,3701.8798828125,7946290000
2013-09-20,3796.280029296875,3787.429931640625,3798.760009765625,3745.5400390625,9890590000
2013-09-27,3767.889892578125,3774.340087890625,3819.280029296875,3734.739990234375,9116120000
2013-10-04,3774.719970703125,3760.75,3812.860107421875,3650.030029296875,9258280000
2013-10-11,3753.219970703125,3863.14990234375,3863.489990234375,3751.3798828125,8670210000
2013-10-18,3893.360107421875,3928.9599609375,3947.669921875,3882.06005859375,9477440000
2013-10-25,3955.97998046875,3919.7099609375,3966.7099609375,3909.260009765625,10090620000
2013-11-01,3932.449951171875,3857.330078125,3955.969970703125,3855.070068359375,10025450000
2013-11-08,3871.239990234375,3972.739990234375,3975.889892578125,3869.1201171875,9146510000
2013-11-15,3978.27001953125,3969.159912109375,3994.969970703125,3911.610107421875,8882270000
2013-11-22,3977.31005859375,4044.75,4045.81005859375,3973.0,6910740000
2013-11-29,4057.159912109375,4033.169921875,4069.699951171875,4004.760009765625,8176810000
2013-12-06,4069.860107421875,3998.39990234375,4081.780029296875,3993.570068359375,9125900000
2013-12-13,4015.530029296875,4058.139892578125,4070.3798828125,3979.590087890625,9411680000
2013-12-20,4064.889892578125,4167.18017578125,4169.97021484375,4064.72998046875,7272760000
2013-12-27,4173.35986328125,4143.06982421875,4177.72998046875,4131.7900390625,5744450000
2014-01-03,4148.56005859375,4156.18994140625,4182.740234375,4103.75,10798530000
2014-01-10,4168.93994140625,4218.68994140625,4219.27978515625,4097.990234375,10607210000
2014-01-17,4207.81982421875,4218.8798828125,4246.5498046875,4187.31005859375,8403290000
2014-01-24,4194.97021484375,4123.1298828125,4197.93017578125,4044.760009765625,11379190000
2014-01-31,4068.6298828125,4057.1201171875,4124.919921875,3968.18994140625,11202020000
2014-02-07,4081.820068359375,4240.669921875,4240.669921875,4069.929931640625,10147650000
2014-02-14,4237.0,4267.5498046875,4277.330078125,4225.75,7717220000
2014-02-21,4282.169921875,4318.93017578125,4322.4599609375,4261.6298828125,10594130000
2014-02-28,4323.52001953125,4352.1298828125,4371.7099609375,4239.64990234375,11525320000
2014-03-07,4370.97998046875,4260.419921875,4371.39013671875,4242.9501953125,11280430000
2014-03-14,4250.4501953125,4319.2900390625,4334.66015625,4241.93994140625,9810210000
2014-03-21,4339.89990234375,4151.22998046875,4344.39013671875,4131.81005859375,12677260000
2014-03-28,4163.18017578125,4237.740234375,4286.08984375,4144.68994140625,10528290000
2014-04-04,4263.93994140625,4054.110107421875,4267.06005859375,4042.760009765625,11753620000
2014-04-11,4015.070068359375,4095.52001953125,4110.4599609375,3946.030029296875,10385900000
2014-04-18,4105.3701171875,4148.33984375,4177.16015625,4081.909912109375,7346000000
2014-04-25,4125.16015625,4127.4501953125,4149.56005859375,4014.169921875,10575140000
2014-05-02,4138.6298828125,4051.5,4145.06005859375,4021.050048828125,10154540000
2014-05-09,4043.43994140625,4069.2900390625,4155.1298828125,4025.239990234375,9627120000
2014-05-16,4070.35009765625,4154.33984375,4164.85009765625,4044.27001953125,8679690000
2014-05-23,4159.77978515625,4247.9501953125,4247.9501953125,4148.2998046875,6848080000
2014-05-30,4251.490234375,4296.22998046875,4299.5,4207.60986328125,8790450000
2014-06-06,4312.759765625,4297.6298828125,4346.740234375,4284.52978515625,8873480000
2014-06-13,4315.31005859375,4359.330078125,4372.18017578125,4288.41015625,8950160000
2014-06-20,4365.3701171875,4379.0498046875,4399.8701171875,4339.41015625,9725900000
2014-06-27,4371.7998046875,4485.93017578125,4485.93017578125,4371.60009765625,10356800000
2014-07-04,4477.740234375,4396.2001953125,4478.02001953125,4351.0400390625,7333090000
2014-07-11,4401.0498046875,4363.4501953125,4451.93017578125,4352.22998046875,8977520000
2014-07-18,4379.93994140625,4472.10986328125,4485.5,4378.22021484375,8950740000
2014-07-25,4448.06005859375,4369.77001953125,4476.06005859375,4367.14990234375,9731300000
2014-08-01,4363.39013671875,4334.97021484375,4395.3798828125,4321.89013671875,9329560000
2014-08-08,4340.8798828125,4453.0,4453.0,4327.8701171875,8018670000
2014-08-15,4479.64013671875,4532.10009765625,4534.0,4427.1298828125,7851140000
2014-08-22,4534.8701171875,4557.7001953125,4575.81005859375,4521.77001953125,6865100000
2014-08-29,4571.759765625,4562.2900390625,4610.14013671875,4553.31005859375,6838060000
2014-09-05,4560.6298828125,4591.81005859375,4600.39990234375,4542.740234375,8782090000
2014-09-12,4588.77001953125,4593.43017578125,4593.97998046875,4499.8701171875,9175590000
2014-09-19,4606.1298828125,4466.75,4610.56982421875,4466.64013671875,10612610000
2014-09-26,4476.47998046875,4430.2001953125,4522.06005859375,4367.740234375,10053740000
2014-10-03,4456.81005859375,4378.33984375,4496.259765625,4355.33984375,10433090000
2014-10-10,4354.6298828125,4217.39013671875,4380.509765625,4116.60009765625,13380380000
2014-10-17,4275.08984375,4452.7900390625,4475.5498046875,4241.669921875,9894420000
2014-10-24,4459.4599609375,4566.14013671875,4575.5,4445.85009765625,9525810000
2014-10-31,4639.4501953125,4638.47021484375,4654.18994140625,4594.919921875,10385370000
2014-11-07,4636.89013671875,4680.14013671875,4703.10009765625,4606.81005859375,9103170000
2014-11-14,4679.85009765625,4701.8701171875,4709.830078125,4653.330078125,8399670000
2014-11-21,4751.009765625,4787.31982421875,4788.0,4700.72998046875,6505540000
2014-11-28,4797.10009765625,4769.43994140625,4810.85986328125,4724.6201171875,8189970000
2014-12-05,4776.580078125,4708.16015625,4793.240234375,4674.3798828125,9408060000
2014-12-12,4665.35009765625,4748.39990234375,4748.39990234375,4547.31005859375,10716340000
2014-12-19,4752.60009765625,4773.47021484375,4798.06005859375,4738.2900390625,7328560000
2014-12-26,4788.06005859375,4736.0498046875,4814.9501953125,4734.10986328125,4942760000
2015-01-02,4760.240234375,4736.18994140625,4777.009765625,4567.58984375,9460340000
2015-01-09,4744.47021484375,4570.81982421875,4751.33984375,4567.39013671875,9790040000
2015-01-16,4566.3798828125,4750.39990234375,4752.60009765625,4563.10986328125,7649530000
2015-01-23,4748.18994140625,4683.41015625,4774.18017578125,4601.759765625,9554890000
2015-01-30,4671.2099609375,4765.10009765625,4767.3798828125,4580.4599609375,10673750000
2015-02-06,4768.83984375,4857.60986328125,4857.60986328125,4719.60986328125,9331570000
2015-02-13,4869.72998046875,4924.7001953125,4929.52978515625,4860.1201171875,6971420000
2015-02-20,4919.77978515625,4987.89013671875,4989.10986328125,4905.58984375,9104990000
2015-02-27,4985.02978515625,4982.81005859375,5008.56982421875,4938.89990234375,9454630000
2015-03-06,4967.240234375,4893.2900390625,4982.93017578125,4846.7900390625,9191870000
2015-03-13,4885.5400390625,4992.3798828125,5001.56982421875,4842.7998046875,8947800000
2015-03-20,5033.47021484375,4863.35986328125,5042.14013671875,4825.93017578125,10270700000
2015-03-27,4863.740234375,4886.93994140625,4948.4599609375,4844.39013671875,8733460000
2015-04-03,4855.93994140625,4974.56005859375,4975.93017578125,4852.91015625,6754460000
2015-04-10,4977.02978515625,5007.7900390625,5024.25,4952.009765625,8068170000
2015-04-17,4966.10986328125,5056.06005859375,5073.08984375,4912.330078125,8907790000
2015-04-24,5096.33984375,4941.419921875,5119.830078125,4921.5498046875,10240710000
2015-05-01,4966.31982421875,4945.5400390625,5043.6201171875,4888.169921875,9779670000
2015-05-08,4991.6298828125,5050.7998046875,5051.72021484375,4931.60009765625,8830250000
2015-05-15,5059.14990234375,5090.7900390625,5098.22998046875,5034.83984375,8532610000
2015-05-22,5085.39013671875,5097.97998046875,5111.5400390625,5016.740234375,6827840000
2015-05-29,5093.10009765625,5059.1201171875,5114.60009765625,5045.669921875,9322680000
2015-06-05,5057.0400390625,5082.509765625,5101.39013671875,4974.6201171875,8726370000
2015-06-12,5060.240234375,5132.9501953125,5143.31982421875,4985.93994140625,8464740000
2015-06-19,5139.77001953125,5112.18994140625,5164.35986328125,5102.16015625,8945380000
2015-06-26,5113.259765625,5009.2099609375,5121.47021484375,4956.22998046875,11209190000
2015-07-03,4963.7998046875,4922.39990234375,5020.7099609375,4901.509765625,7666700000
2015-07-10,4981.240234375,5163.18017578125,5163.18017578125,4966.509765625,8481910000
2015-07-17,5196.10986328125,5146.41015625,5231.93994140625,5137.64013671875,9482240000
2015-07-24,5166.91015625,5128.77978515625,5167.5400390625,5025.60986328125,9770840000
2015-07-31,5148.18017578125,5056.43994140625,5175.259765625,5035.41015625,9868580000
2015-08-07,5043.97021484375,5033.56005859375,5112.47021484375,4945.7900390625,9427430000
2015-08-14,5025.919921875,4877.490234375,5092.68994140625,4877.490234375,8372380000
2015-08-21,4801.0400390625,4812.7099609375,4856.75,4292.14013671875,13890720000
2015-08-28,4792.10986328125,4733.5,4836.77978515625,4614.91015625,9761700000
2015-09-04,4670.35009765625,4796.25,4862.8798828125,4657.81982421875,7149840000
2015-09-11,4770.72998046875,4893.9501953125,4960.8701171875,4763.14990234375,8299280000
2015-09-18,4828.7099609375,4734.47998046875,4881.4599609375,4670.1201171875,10938710000
2015-09-25,4782.41015625,4627.080078125,4785.22021484375,4487.06005859375,11263930000
2015-10-02,4566.1298828125,4810.7900390625,4819.06982421875,4552.33984375,10407780000
2015-10-09,4817.27978515625,4870.10009765625,4870.10009765625,4771.6201171875,8558500000
2015-10-16,4872.35986328125,4920.0498046875,4926.990234375,4836.4599609375,9238340000
2015-10-23,5024.3798828125,5074.27001953125,5095.68994140625,4999.5400390625,9993240000
2015-10-30,5079.759765625,5127.740234375,5163.47021484375,5053.75,10083800000
2015-11-06,5124.0400390625,5005.080078125,5147.1201171875,5004.4599609375,9316590000
2015-11-13,4980.85986328125,5073.64013671875,5092.4599609375,4908.66015625,9493450000
2015-11-20,5096.9599609375,5116.14013671875,5128.080078125,5050.14013671875,6931130000
2015-11-27,5121.93017578125,5037.52978515625,5176.77001953125,5011.72021484375,9210290000
2015-12-04,5050.93017578125,5045.169921875,5147.0,5000.1201171875,9471600000
2015-12-11,4979.77001953125,5002.5498046875,5088.580078125,4871.58984375,10289550000
2015-12-18,4982.580078125,5048.490234375,5063.27978515625,4921.330078125,9293650000
2015-12-25,5032.2900390625,5007.41015625,5116.990234375,4999.06982421875,5379130000
2016-01-01,4897.64990234375,4689.43017578125,4926.72998046875,4688.169921875,8867010000
2016-01-08,4722.02001953125,4615.0,4742.56982421875,4470.58984375,11926090000
2016-01-15,4464.3701171875,4472.06005859375,4550.56982421875,4313.39013671875,10865060000
2016-01-22,4557.39013671875,4506.68017578125,4591.18017578125,4447.5,10601420000
2016-01-29,4512.08984375,4509.56005859375,4636.93017578125,4424.47021484375,11453190000
2016-02-05,4491.47998046875,4266.83984375,4493.18994140625,4209.759765625,12917850000
2016-02-12,4307.2900390625,4487.5400390625,4548.47021484375,4274.14990234375,8353420000
2016-02-19,4464.669921875,4582.2001953125,4582.2001953125,4425.72021484375,9121560000
2016-02-26,4615.14013671875,4707.419921875,4707.72021484375,4557.4599609375,9809130000
2016-03-04,4715.759765625,4662.16015625,4746.64990234375,4607.990234375,9974700000
2016-03-11,4712.3798828125,4774.990234375,4788.08984375,4700.91015625,8797560000
2016-03-18,4784.6298828125,4773.5,4835.60009765625,4734.77001953125,9358090000
2016-03-25,4785.25,4869.85009765625,4899.14013671875,4749.77978515625,6679580000
2016-04-01,4842.5498046875,4848.3701171875,4921.509765625,4831.490234375,8914700000
2016-04-08,4883.990234375,4945.89013671875,4961.2998046875,4808.91015625,8475910000
2016-04-15,4938.830078125,4945.89013671875,4969.31982421875,4915.52001953125,8720830000
2016-04-22,4898.240234375,4805.2900390625,4921.66015625,4796.31982421875,9526400000
2016-04-29,4805.7900390625,4717.08984375,4821.56982421875,4709.75,10080410000
2016-05-06,4695.89990234375,4737.330078125,4812.18994140625,4684.27978515625,9035580000
2016-05-13,4731.06982421875,4712.52978515625,4791.25,4678.3798828125,9104760000
2016-05-20,4729.43994140625,4901.77001953125,4909.3798828125,4729.0,9168580000
2016-05-27,4904.0498046875,4971.35986328125,4971.35986328125,4902.5,7316510000
2016-06-03,4958.10009765625,4958.6201171875,4980.14013671875,4909.2099609375,8434420000
2016-06-10,4915.14990234375,4844.919921875,4917.919921875,4778.77978515625,9284180000
2016-06-17,4835.02001953125,4910.0400390625,4910.0400390625,4792.33984375,9536650000
2016-06-24,4715.7900390625,4842.669921875,4843.10986328125,4574.25,13432510000
2016-07-01,4837.18017578125,4876.81005859375,4889.009765625,4786.009765625,6984330000
2016-07-08,4906.66015625,5034.06005859375,5045.18017578125,4901.27001953125,8823980000
2016-07-15,5041.18994140625,5073.89990234375,5102.77978515625,5018.52001953125,8648250000
2016-07-22,5078.1201171875,5154.97998046875,5160.16015625,5064.10986328125,9520840000
2016-07-29,5162.14990234375,5166.25,5199.1298828125,5109.7998046875,9920710000
2016-08-05,5190.7099609375,5228.39990234375,5238.5400390625,5186.25,8469400000
2016-08-12,5219.66015625,5240.14990234375,5271.35986328125,5197.22998046875,8140150000
2016-08-19,5229.8701171875,5212.2001953125,5275.740234375,5201.64013671875,7966670000
2016-08-26,5219.0498046875,5227.2099609375,5253.39013671875,5189.35986328125,7923010000
2016-09-02,5249.66015625,5259.47998046875,5287.60986328125,5231.02001953125,6970390000
2016-09-09,5217.9501953125,5249.68994140625,5254.77978515625,5097.7998046875,10141380000
2016-09-16,5238.7099609375,5339.52001953125,5342.8798828125,5218.97021484375,10420480000
2016-09-23,5327.43017578125,5269.14990234375,5329.7099609375,5251.31982421875,8923980000
2016-09-30,5288.8701171875,5306.85009765625,5330.81005859375,5271.7001953125,8792650000
2016-10-07,5314.919921875,5213.330078125,5340.52001953125,5169.759765625,8141560000
2016-10-14,5241.259765625,5241.830078125,5264.27001953125,5196.02978515625,7791820000
2016-10-21,5238.64990234375,5215.97021484375,5311.5,5211.75,8424810000
2016-10-28,5203.7001953125,5058.41015625,5232.35009765625,5053.52001953125,9740510000
2016-11-04,5034.41015625,5208.7998046875,5302.68017578125,5034.41015625,11490520000
2016-11-11,5191.81982421875,5333.97021484375,5334.0498046875,5179.64013671875,10972000000
2016-11-18,5340.97021484375,5380.68017578125,5392.259765625,5315.52978515625,7122050000
2016-11-25,5388.490234375,5251.10986328125,5403.85986328125,5238.2099609375,8515840000
2016-12-02,5249.02001953125,5417.35986328125,5425.52001953125,5239.27001953125,9991030000
2016-12-09,5436.10986328125,5456.85009765625,5486.75,5394.419921875,10146930000
2016-12-16,5467.81982421875,5447.419921875,5489.47021484375,5426.009765625,9732110000
2016-12-23,5441.759765625,5432.08984375,5512.3701171875,5415.18017578125,4956960000
2016-12-30,5440.169921875,5487.93994140625,5495.85009765625,5371.89013671875,7124020000
2017-01-06,5499.080078125,5547.490234375,5564.25,5482.81005859375,9164890000
2017-01-13,5557.56982421875,5540.080078125,5584.259765625,5527.22021484375,6866860000
2017-01-20,5556.8701171875,5655.18017578125,5669.60986328125,5522.68994140625,9012330000
2017-01-27,5664.8798828125,5636.2001953125,5667.4501953125,5576.08984375,9815610000
2017-02-03,5650.72998046875,5715.18017578125,5722.7099609375,5647.580078125,9345720000
2017-02-10,5726.169921875,5814.89990234375,5835.14990234375,5717.419921875,9702860000
2017-02-17,5807.31005859375,5835.509765625,5867.89013671875,5800.7998046875,7575340000
2017-02-24,5802.330078125,5861.22021484375,5911.7900390625,5800.5498046875,10134610000
2017-03-03,5854.27001953125,5838.81005859375,5870.75,5812.080078125,9153010000
2017-03-10,5867.16015625,5900.759765625,5911.47998046875,5831.8798828125,9202810000
2017-03-17,5898.580078125,5817.68994140625,5928.06005859375,5781.7998046875,10733960000
2017-03-24,5839.330078125,5914.33984375,5916.77001953125,5769.39013671875,8805990000
2017-03-31,5905.6298828125,5878.9501953125,5936.39013671875,5856.22021484375,9611790000
2017-04-07,5873.93994140625,5805.14990234375,5907.85009765625,5805.14990234375,8421400000
2017-04-14,5821.5498046875,5916.77978515625,5926.22998046875,5818.2001953125,6499510000
2017-04-21,5919.02001953125,6048.93994140625,6050.7001953125,5899.43017578125,9260600000
2017-04-28,6072.8701171875,6075.33984375,6102.72021484375,6040.7099609375,10144250000
2017-05-05,6091.68994140625,6115.9599609375,6133.0,6067.16015625,9885390000
2017-05-12,6119.27001953125,6055.1298828125,6170.16015625,5996.81005859375,10111510000
2017-05-19,6070.22998046875,6205.259765625,6217.33984375,6070.22998046875,8793490000
2017-05-26,6207.0400390625,6246.830078125,6247.06982421875,6164.06982421875,7422260000
2017-06-02,6261.58984375,6321.759765625,6324.06005859375,6253.77001953125,9422290000
2017-06-09,6330.25,6165.5,6341.7001953125,6107.85009765625,11626430000
2017-06-16,6154.27978515625,6236.68994140625,6257.68017578125,6125.5,12288960000
2017-06-23,6234.35009765625,6144.35009765625,6303.4501953125,6087.81005859375,12996920000
2017-06-30,6166.83984375,6089.4599609375,6177.35986328125,6081.9599609375,6970080000
2017-07-07,6111.2099609375,6274.43994140625,6281.4501953125,6111.2099609375,8840220000
2017-07-14,6289.080078125,6390.0,6398.259765625,6278.7001953125,8669520000
2017-07-21,6383.0498046875,6382.18994140625,6460.83984375,6318.6201171875,9984170000
2017-07-28,6350.27001953125,6340.33984375,6396.58984375,6313.43017578125,9837680000
2017-08-04,6350.7900390625,6216.8701171875,6423.35009765625,6214.41015625,9797230000
2017-08-11,6222.18017578125,6221.91015625,6374.56005859375,6216.18994140625,8946920000
2017-08-18,6222.4599609375,6271.330078125,6302.85009765625,6177.18994140625,8305200000
2017-08-25,6293.81005859375,6428.66015625,6435.27001953125,6228.72998046875,8257070000
2017-09-01,6442.169921875,6397.8701171875,6449.64990234375,6334.58984375,7282370000
2017-09-08,6389.64990234375,6429.080078125,6460.419921875,6354.9599609375,9115470000
2017-09-15,6426.16015625,6422.68994140625,6477.77001953125,6405.2998046875,10389070000
2017-09-22,6401.43994140625,6453.4501953125,6472.64990234375,6343.9599609375,9597020000
2017-09-29,6461.27978515625,6585.35986328125,6587.2099609375,6454.85986328125,9758320000
2017-10-06,6566.9501953125,6591.509765625,6613.5,6561.77978515625,8907000000
2017-10-13,6613.2099609375,6605.06982421875,6635.52001953125,6558.52978515625,8632180000
2017-10-20,6633.3701171875,6556.77001953125,6641.56982421875,6517.93017578125,9809340000
2017-10-27,6635.02978515625,6714.93994140625,6759.66015625,6625.77978515625,10841190000
2017-11-03,6737.08984375,6750.0498046875,6795.52001953125,6687.27978515625,10951120000
2017-11-10,6736.39013671875,6793.2900390625,6806.669921875,6667.31005859375,9887920000
2017-11-17,6794.4501953125,6867.35986328125,6874.52001953125,6777.43017578125,7302080000
2017-11-24,6878.10986328125,6873.97021484375,6914.18994140625,6793.9501953125,9583020000
2017-12-01,6844.0400390625,6812.83984375,6899.22998046875,6734.1298828125,10670580000
2017-12-08,6859.9501953125,6856.52978515625,6901.1298828125,6831.60986328125,9456410000
2017-12-15,6871.5498046875,6965.35986328125,7003.89013671875,6871.4501953125,11479910000
2017-12-22,6958.02001953125,6950.16015625,6962.259765625,6915.56005859375,5573760000
2017-12-29,6952.60986328125,7077.91015625,7098.0498046875,6903.39013671875,7781340000
2018-01-05,7105.740234375,7211.77978515625,7211.77978515625,7097.080078125,10382420000
2018-01-12,7208.169921875,7296.0498046875,7330.330078125,7205.18017578125,8669710000
2018-01-19,7312.0,7411.16015625,7486.31982421875,7297.27978515625,10628320000
2018-01-26,7448.330078125,7385.85986328125,7505.77001953125,7362.27978515625,11118710000
2018-02-02,7347.58984375,6777.16015625,7364.43017578125,6776.77001953125,14009400000
2018-02-09,6863.33984375,7256.43017578125,7256.93017578125,6630.669921875,11587990000
2018-02-16,7236.509765625,7210.08984375,7338.64013671875,7194.83984375,7843280000
2018-02-23,7261.35009765625,7180.56005859375,7438.08984375,7117.66015625,10810300000
2018-03-02,7099.5400390625,7427.9501953125,7435.009765625,7084.830078125,10977620000
2018-03-09,7475.97998046875,7481.740234375,7637.27001953125,7463.18994140625,11204990000
2018-03-16,7504.3701171875,7166.68017578125,7514.2099609375,7164.3798828125,11788980000
2018-03-23,7170.68017578125,7063.4501953125,7255.5400390625,6901.06982421875,12289950000
2018-03-30,7016.169921875,7076.5498046875,7112.3798828125,6805.9599609375,9148180000
2018-04-06,6999.56982421875,7140.25,7166.0,6877.759765625,10610190000
2018-04-13,7179.6201171875,7238.06005859375,7319.580078125,7078.14013671875,9394780000
2018-04-20,7220.64013671875,7118.68017578125,7222.990234375,6926.97021484375,10030970000
2018-04-27,7195.52001953125,7088.14990234375,7197.14990234375,6991.14013671875,10495220000
2018-05-04,7065.669921875,7404.97021484375,7414.14990234375,7057.89013671875,10562850000
2018-05-11,7393.97021484375,7382.47021484375,7458.419921875,7320.97021484375,10353610000
2018-05-18,7364.33984375,7424.43017578125,7435.3798828125,7334.6201171875,9939380000
2018-05-25,7422.2001953125,7442.1201171875,7492.419921875,7354.2900390625,8458990000
2018-06-01,7487.66015625,7635.06982421875,7697.41015625,7487.22998046875,10965590000
2018-06-08,7607.740234375,7761.0400390625,7768.60009765625,7595.14013671875,10320520000
2018-06-15,7725.02978515625,7712.9501953125,7806.60009765625,7635.72998046875,12101930000
2018-06-22,7739.68994140625,7503.68017578125,7739.7099609375,7419.56005859375,12976880000
2018-06-29,7544.1298828125,7586.43017578125,7594.330078125,7443.10009765625,6912810000
2018-07-06,7595.93017578125,7823.919921875,7825.669921875,7588.64990234375,8997580000
2018-07-13,7827.6201171875,7825.2998046875,7867.14990234375,7749.60986328125,8986480000
2018-07-20,7843.080078125,7852.18017578125,7933.31005859375,7776.5498046875,9719880000
2018-07-27,7889.75,7802.68994140625,7889.75,7604.240234375,10900600000
2018-08-03,7819.22998046875,7891.77978515625,7923.35009765625,7783.2998046875,10633840000
2018-08-10,7834.7099609375,7806.52001953125,7888.66015625,7732.68994140625,10265980000
2018-08-17,7786.64013671875,7878.4599609375,7926.31982421875,7752.68017578125,8906970000
2018-08-24,7907.81005859375,8088.35986328125,8133.2998046875,7907.10009765625,10139650000
2018-08-31,8079.31005859375,7922.72998046875,8119.81982421875,7885.490234375,9123800000
2018-09-07,7878.7900390625,8013.7099609375,8037.509765625,7873.93017578125,11264690000
2018-09-14,8026.16015625,8028.22998046875,8040.830078125,7890.06982421875,11175540000
2018-09-21,8041.68994140625,8041.97021484375,8071.56005859375,7912.47021484375,12908110000
2018-09-28,8024.5,7879.509765625,8107.3798828125,7833.16015625,13456760000
2018-10-05,7874.759765625,7329.06005859375,7902.669921875,7274.0400390625,13691310000
2018-10-12,7507.83984375,7485.14013671875,7670.490234375,7368.330078125,12434020000
2018-10-19,7530.16015625,7318.33984375,7582.89013671875,7099.0,13348460000
2018-10-26,7125.18017578125,7434.06005859375,7435.8798828125,6922.830078125,14030290000
2018-11-02,7424.02001953125,7530.8798828125,7572.93017578125,7255.8798828125,12549470000
2018-11-09,7468.509765625,7259.02978515625,7474.33984375,7072.35986328125,12183040000
2018-11-16,7193.60009765625,6972.25,7274.85986328125,6830.759765625,9388500000
2018-11-23,6919.52001953125,7273.080078125,7319.9599609375,6919.16015625,9503960000
2018-11-30,7279.2998046875,7188.259765625,7486.509765625,6984.33984375,10704490000
2018-12-07,7163.490234375,7070.330078125,7205.3701171875,6878.990234375,11761050000
2018-12-14,6986.3701171875,6528.41015625,7027.169921875,6447.91015625,13740580000
2018-12-21,6573.490234375,6579.490234375,6586.68017578125,6190.169921875,11241110000
2018-12-28,6616.7900390625,6463.5,6693.7099609375,6457.1298828125,9218920000
2019-01-04,6567.14013671875,6986.06982421875,6991.3701171875,6554.240234375,12151550000
2019-01-11,6947.4599609375,7084.4599609375,7113.9501953125,6887.47998046875,10414190000
2019-01-18,7134.10009765625,7073.4599609375,7185.3798828125,6953.22998046875,9564780000
2019-01-25,7128.18017578125,7281.740234375,7303.1201171875,7011.47021484375,12518610000
2019-02-01,7256.3701171875,7288.35009765625,7410.77001953125,7235.0498046875,11279890000
2019-02-08,7232.2998046875,7426.9501953125,7461.66015625,7225.14013671875,10372480000
2019-02-15,7468.56982421875,7459.7099609375,7513.7001953125,7430.89013671875,8735130000
2019-02-22,7481.6298828125,7532.52978515625,7602.68994140625,7479.009765625,12241310000
2019-03-01,7587.4501953125,7421.4599609375,7643.66015625,7397.18994140625,11958920000
2019-03-08,7334.35009765625,7630.91015625,7677.06982421875,7332.919921875,11259190000
2019-03-15,7658.41015625,7838.9599609375,7850.10986328125,7652.0400390625,13178960000
2019-03-22,7800.25,7669.169921875,7817.830078125,7579.2900390625,10913800000
2019-03-29,7726.7099609375,7891.77978515625,7938.259765625,7688.509765625,11327360000
2019-04-05,7914.509765625,7947.35986328125,7975.2001953125,7891.85009765625,10293170000
2019-04-12,7984.14990234375,7998.06005859375,8052.39990234375,7933.56982421875,10341310000
2019-04-19,7969.3701171875,8118.68017578125,8151.83984375,7965.89990234375,8007080000
2019-04-26,8100.27978515625,8036.77001953125,8176.080078125,7976.77001953125,10381340000
2019-05-03,8092.8798828125,7910.58984375,8164.7099609375,7796.16015625,11222510000
2019-05-10,7881.31005859375,7898.0498046875,7949.33984375,7627.22021484375,11192230000
2019-05-17,7829.02978515625,7628.27978515625,7918.7099609375,7585.31982421875,10462400000
2019-05-24,7675.56982421875,7567.72021484375,7694.14990234375,7503.93994140625,8221000000
2019-05-31,7470.9501953125,7615.5498046875,7634.1201171875,7292.22021484375,11426980000
2019-06-07,7652.97021484375,7837.1298828125,7909.990234375,7647.91015625,10064900000
2019-06-14,7807.18994140625,8051.33984375,8088.8798828125,7778.1201171875,10145240000
2019-06-21,8028.68994140625,7967.759765625,8073.02001953125,7879.14990234375,11322210000
2019-06-28,7988.759765625,8170.22998046875,8170.22998046875,7961.4599609375,9825350000
2019-07-05,8123.27978515625,8196.0400390625,8228.599609375,8061.31982421875,9556620000
2019-07-12,8209.2001953125,8207.240234375,8264.7802734375,8135.1201171875,9524650000
2019-07-19,8241.33984375,8238.5400390625,8321.8095703125,8144.6298828125,9610300000
2019-07-26,8294.2998046875,8111.1201171875,8339.6396484375,8080.52001953125,11246350000
2019-08-02,8056.419921875,8039.16015625,8068.7998046875,7662.89990234375,12055070000
2019-08-09,7997.18994140625,7766.6201171875,8065.240234375,7716.5498046875,11378150000
2019-08-16,7828.35009765625,7991.39013671875,8048.580078125,7828.35009765625,9218050000
2019-08-23,7943.64990234375,7973.39013671875,8005.33984375,7730.77001953125,9188500000
2019-08-30,8015.16015625,8116.830078125,8134.419921875,7847.31982421875,7609330000
2019-09-06,8125.580078125,8194.4697265625,8243.7998046875,8001.68017578125,10982180000
2019-09-13,8190.56982421875,8182.8798828125,8237.4296875,8086.22021484375,9582480000
2019-09-20,8184.8798828125,8030.66015625,8202.8203125,7935.56982421875,11364310000
2019-09-27,8047.10986328125,7872.259765625,8062.5,7700.0,10761650000
2019-10-04,7908.43994140625,7950.77978515625,8013.31005859375,7823.72998046875,8808250000
2019-10-11,8047.33984375,8156.85009765625,8183.64013671875,8036.41015625,9214180000
2019-10-18,8149.85009765625,8185.7998046875,8194.6201171875,8045.3701171875,9343330000
2019-10-25,8150.58984375,8292.3603515625,8335.5595703125,8150.58984375,9926420000
2019-11-01,8335.0498046875,8434.51953125,8483.16015625,8326.5595703125,11311850000
2019-11-08,8422.669921875,8479.01953125,8514.83984375,8405.8896484375,9996730000
2019-11-15,8524.48046875,8506.2099609375,8589.759765625,8468.6298828125,11029270000
2019-11-22,8530.5400390625,8705.1796875,8705.91015625,8477.490234375,8336370000
2019-11-29,8682.009765625,8570.7001953125,8697.3203125,8435.400390625,9950400000
2019-12-06,8634.25,8717.3203125,8745.8203125,8600.8203125,10618130000
2019-12-13,8713.91015625,8887.2197265625,8888.1298828125,8697.580078125,12159350000
2019-12-20,8911.83984375,9022.3896484375,9022.4599609375,8901.8701171875,8513360000
2019-12-27,9049.4697265625,9092.1904296875,9093.4296875,8909.1904296875,8934590000
2020-01-03,8976.4296875,9203.4296875,9215.9501953125,8943.5,12792290000
2020-01-10,9232.9501953125,9357.1298828125,9357.919921875,9164.66015625,12228210000
2020-01-17,9392.3701171875,9402.48046875,9439.2900390625,9334.1298828125,10149580000
2020-01-24,9446.2099609375,9298.9296875,9451.4296875,9088.0400390625,11965890000
2020-01-31,9324.330078125,9572.150390625,9575.66015625,9123.2197265625,12354850000
2020-02-07,9526.6396484375,9711.9697265625,9748.3203125,9493.6298828125,11502690000
2020-02-14,9728.900390625,9750.9697265625,9838.3701171875,9636.9404296875,9722730000
2020-02-21,9708.009765625,8566.48046875,9715.9501953125,8562.0498046875,17682120000
2020-02-28,8269.740234375,8738.58984375,9070.3203125,8264.16015625,21304360000
2020-03-06,8469.01953125,7201.7998046875,8612.3603515625,7194.669921875,22696060000
2020-03-13,7610.39013671875,7150.580078125,7875.93017578125,6686.35986328125,23952890000
2020-03-20,7248.06982421875,7797.5400390625,7809.830078125,6631.419921875,22748090000
2020-03-27,7554.25,7487.31005859375,7880.31005859375,7301.97998046875,19261060000
2020-04-03,7477.27001953125,8153.580078125,8227.91015625,7288.10986328125,18862250000
2020-04-10,8127.68994140625,8532.3603515625,8560.16015625,8035.9501953125,14357790000
2020-04-17,8667.48046875,8494.75,8684.91015625,8215.6904296875,18765270000
2020-04-24,8530.080078125,8889.5498046875,8957.26953125,8464.419921875,19864150000
2020-05-01,8681.2900390625,8979.66015625,9015.990234375,8537.830078125,18561960000
2020-05-08,9056.8896484375,8943.7197265625,9250.9599609375,8705.25,20314770000
2020-05-15,8839.990234375,9284.8798828125,9405.25,8821.3798828125,20836830000
2020-05-22,9278.5498046875,9368.990234375,9523.6396484375,9144.2802734375,16719790000
2020-05-29,9382.349609375,9615.8095703125,9716.1396484375,9324.73046875,23400490000
2020-06-05,9703.5400390625,9492.73046875,10086.8896484375,9491.3095703125,28596220000
2020-06-12,9715.8701171875,9943.0498046875,9991.2099609375,9403.0,22149340000
2020-06-19,10042.1298828125,10017.0,10221.849609375,9810.4697265625,26724730000
2020-06-26,9995.1201171875,10207.6298828125,10310.3603515625,9663.6103515625,24819210000
2020-07-03,10360.3798828125,10547.75,10578.099609375,10337.98046875,16950780000
2020-07-10,10545.91015625,10473.830078125,10824.7802734375,10182.4599609375,21775990000
2020-07-17,10500.51953125,10461.419921875,10839.9296875,10407.8701171875,22657360000
2020-07-24,10294.41015625,10587.8095703125,10609.58984375,10217.3095703125,20568070000
2020-07-31,10741.4697265625,11108.0703125,11121.1904296875,10557.7001953125,20939880000
2020-08-07,11072.5302734375,11042.5,11126.0400390625,10762.7099609375,19869820000
2020-08-14,11042.240234375,11264.9501953125,11283.6201171875,10972.0595703125,17669330000
2020-08-21,11258.4404296875,11625.33984375,11730.009765625,11245.4404296875,18330800000
2020-08-28,11689.2802734375,11458.099609375,12074.0595703125,11361.3603515625,18583460000
2020-09-04,11396.240234375,10919.58984375,11531.1796875,10837.2001953125,15580530000
2020-09-11,11010.0703125,10910.2802734375,11245.419921875,10728.0302734375,18572100000
2020-09-18,10973.4501953125,10672.26953125,10979.650390625,10519.490234375,21359180000
2020-09-25,10680.4599609375,11326.509765625,11344.1298828125,10639.98046875,19032580000
2020-10-02,11082.5302734375,11420.98046875,11448.23046875,11033.6904296875,19164730000
2020-10-09,11487.599609375,11713.8701171875,11965.5400390625,11476.66015625,17759070000
2020-10-16,11761.830078125,11506.009765625,11827.419921875,11369.2900390625,17055780000
2020-10-23,11536.009765625,11185.58984375,11548.849609375,10999.0703125,16630320000
2020-10-30,11103.4697265625,11890.9296875,11924.2802734375,10822.5703125,17566100000
2020-11-06,11869.900390625,11709.58984375,12108.0703125,11424.6103515625,22525030000
2020-11-13,11794.9404296875,11904.7099609375,11950.1796875,11715.51953125,22088440000
2020-11-20,11892.7001953125,12094.400390625,12114.76953125,11796.5302734375,21612440000
2020-11-27,12159.1796875,12377.1796875,12439.01953125,12027.16015625,28079580000
2020-12-04,12399.3203125,12405.8095703125,12607.1396484375,12214.740234375,24355230000
2020-12-11,12336.7900390625,12764.75,12765.25,12246.76953125,22830790000
2020-12-18,12804.9296875,12804.73046875,12841.919921875,12525.2197265625,28536720000
2020-12-25,12914.6396484375,12888.2802734375,12973.330078125,12821.23046875,19994910000
2021-01-01,12958.51953125,13067.48046875,13090.91015625,12543.240234375,28139390000
2021-01-08,13160.2197265625,13112.6396484375,13220.16015625,12963.919921875,35352840000
2021-01-15,13099.900390625,13530.91015625,13560.349609375,12949.759765625,26835850000
2021-01-22,13474.8095703125,13337.16015625,13728.98046875,13192.91015625,41596520000
2021-01-29,13284.7197265625,13777.740234375,13778.419921875,12985.0498046875,37132350000
2021-02-05,13824.8798828125,14025.76953125,14109.1201171875,13761.66015625,45826920000
2021-02-12,13979.2099609375,13865.3603515625,14175.1201171875,13714.349609375,28918960000
2021-02-19,13929.2001953125,13119.4296875,13985.580078125,13003.98046875,33014680000
2021-02-26,13232.900390625,12723.4697265625,13601.330078125,12553.9599609375,29328140000
2021-03-05,12860.0400390625,13398.669921875,13433.6201171875,12397.0498046875,32113720000
2021-03-12,13222.8095703125,13116.169921875,13620.7099609375,13101.919921875,28239300000
2021-03-19,13119.900390625,12977.6796875,13455.6396484375,12786.8095703125,30510300000
2021-03-26,12996.0302734375,13480.1103515625,13487.080078125,12878.7197265625,24492600000
2021-04-02,13594.900390625,13829.3095703125,13830.1396484375,13582.759765625,16785050000
2021-04-09,13787.01953125,14038.759765625,14049.1298828125,13748.349609375,20924020000
2021-04-16,14059.1103515625,13818.41015625,14062.5,13698.669921875,21472950000
2021-04-23,13861.3701171875,14082.5498046875,14211.5703125,13856.830078125,23040510000
2021-04-30,13970.73046875,13632.83984375,14084.759765625,13439.3896484375,24990710000
2021-05-07,13723.08984375,13124.990234375,13828.6201171875,13002.5400390625,23399200000
2021-05-14,13255.650390625,13535.740234375,13563.51953125,13072.23046875,20645970000
2021-05-21,13616.1904296875,13736.2802734375,13776.51953125,13463.259765625,20724080000
2021-05-28,13792.0498046875,13614.509765625,13836.169921875,13548.9296875,19128100000
2021-06-04,13697.25,14020.330078125,14031.1904296875,13692.009765625,25518700000
2021-06-11,14030.849609375,14161.349609375,14196.2099609375,13903.73046875,22368630000
2021-06-18,14096.9296875,14369.7099609375,14414.4599609375,13960.0400390625,23863310000
2021-06-25,14400.8095703125,14522.3798828125,14535.9697265625,14337.650390625,26356670000
2021-07-02,14582.98046875,14559.7802734375,14755.330078125,14371.58984375,17421600000
2021-07-09,14578.4296875,14543.1298828125,14803.6796875,14451.7998046875,21315820000
2021-07-16,14597.509765625,14684.599609375,14694.1904296875,14178.66015625,20955170000
2021-07-23,14753.0595703125,14778.259765625,14863.650390625,14503.759765625,20960420000
2021-07-30,14615.849609375,14895.1201171875,14896.4697265625,14584.08984375,19977180000
2021-08-06,14864.2197265625,14816.259765625,14894.6103515625,14692.41015625,20327840000
2021-08-13,14825.0703125,14541.7900390625,14850.6103515625,14423.16015625,20237200000
2021-08-20,14571.5302734375,14945.8095703125,15059.6298828125,14571.5302734375,18887920000
2021-08-27,14969.76953125,15331.1796875,15380.0703125,14966.51953125,20620590000
2021-09-03,15313.41015625,15248.25,15403.4404296875,15206.6103515625,15883940000
2021-09-10,15332.919921875,15181.919921875,15349.4697265625,14984.6796875,22070300000
2021-09-17,15163.3603515625,15052.240234375,15166.5595703125,14530.0703125,24120660000
2021-09-24,14961.6103515625,14448.580078125,15067.5595703125,14444.2998046875,24878000000
2021-10-01,14494.9296875,14654.01953125,14755.7197265625,14181.6904296875,21894310000
2021-10-08,14694.7197265625,14823.4296875,14827.5595703125,14441.599609375,19490730000
2021-10-15,14891.240234375,15215.7001953125,15222.25,14833.2802734375,22224490000
2021-10-22,15158.0703125,15448.1201171875,15452.2998046875,15021.01953125,30544200000
2021-10-29,15323.2900390625,15940.3095703125,15966.08984375,15323.2900390625,26363970000
2021-11-05,16003.5595703125,15704.2802734375,16053.3896484375,15543.6796875,26804280000
2021-11-12,15752.6201171875,15993.7099609375,16010.8798828125,15705.3798828125,26440420000
2021-11-19,16042.16015625,15845.23046875,16212.23046875,15591.3603515625,20074610000
2021-11-26,15664.3798828125,15381.3203125,15833.1103515625,15150.1201171875,26708470000
2021-12-03,15428.7099609375,15517.3701171875,15796.0498046875,14931.0595703125,25263000000
2021-12-10,15629.58984375,15180.4296875,15677.599609375,15055.23046875,24116520000
2021-12-17,15036.76953125,15653.3701171875,15697.98046875,14860.0400390625,24896040000
2021-12-24,15696.830078125,15741.5595703125,15901.4697265625,15679.849609375,14857720000
2021-12-31,15722.91015625,15080.8603515625,15852.1396484375,14914.8701171875,22776320000
2022-01-07,15095.7197265625,14806.8095703125,15319.0302734375,14530.23046875,22586510000
2022-01-14,14708.01953125,14154.01953125,14897.6796875,14140.7802734375,19202200000
2022-01-21,14046.2197265625,13352.7802734375,14171.7197265625,13094.650390625,28837500000
2022-01-28,13436.7099609375,13878.8203125,14504.8203125,13236.5595703125,23768160000
2022-02-04,13958.48046875,14185.6396484375,14509.5595703125,13850.3896484375,22626080000
2022-02-11,14213.6201171875,13716.7197265625,14246.7001953125,13664.759765625,22518440000
2022-02-18,13735.400390625,13473.58984375,13762.400390625,12587.8798828125,20170640000
2022-02-25,13485.259765625,13537.9404296875,13837.58984375,13358.2900390625,27027170000
2022-03-04,13455.23046875,13129.9599609375,13486.7099609375,12670.080078125,28691030000
2022-03-11,13229.76953125,13614.7802734375,13620.7998046875,12555.349609375,28769320000
2022-03-18,13564.6298828125,14191.83984375,14193.5498046875,13528.0595703125,29442080000
2022-03-25,14194.7197265625,14220.51953125,14646.900390625,14010.7900390625,27708580000
2022-04-01,14269.5302734375,13897.2998046875,14534.3798828125,13689.23046875,24577110000
2022-04-08,13830.4697265625,13351.080078125,13866.0595703125,13317.740234375,24064440000
2022-04-15,13319.3896484375,13174.650390625,13710.7001953125,13140.830078125,18840110000
2022-04-22,13168.7998046875,12871.5302734375,13212.599609375,12430.900390625,24366280000
2022-04-29,12710.419921875,12317.6904296875,12985.009765625,12183.5595703125,25005560000
2022-05-06,12246.830078125,11370.9599609375,12358.419921875,11108.759765625,30313720000
2022-05-13,11555.9697265625,11388.5,11988.4296875,11313.3095703125,26136760000
2022-05-20,11542.669921875,11740.650390625,11796.9697265625,11035.6904296875,23903310000
2022-05-27,11869.6904296875,12316.900390625,12320.1201171875,11856.8203125,20005140000
2022-06-03,12097.1201171875,11754.23046875,12245.400390625,11751.98046875,23305730000
2022-06-10,11543.8798828125,10646.099609375,11569.150390625,10565.1396484375,26974360000
2022-06-17,10697.5498046875,11232.1904296875,11260.26953125,10638.7197265625,23175470000
2022-06-24,11351.3095703125,11028.740234375,11677.490234375,10850.009765625,31254590000
2022-07-01,11006.830078125,11621.349609375,11644.4697265625,10911.4501953125,19455520000
2022-07-08,11503.6103515625,11251.1904296875,11689.7001953125,11005.9296875,22121470000
2022-07-15,11379.3603515625,12059.6103515625,12060.58984375,11295.330078125,24877730000
2022-07-22,12025.3701171875,12162.58984375,12179.08984375,11533.3701171875,22931590000
2022-07-29,12239.6904296875,12720.580078125,12736.1904296875,12181.1298828125,25215400000
2022-08-05,12538.7998046875,12779.91015625,13026.240234375,12438.8603515625,26469410000
2022-08-12,12866.3095703125,12965.33984375,13181.08984375,12821.2197265625,24240930000
2022-08-19,12832.26953125,12639.26953125,12859.009765625,12350.16015625,20975970000
2022-08-26,12630.580078125,11785.1298828125,12655.83984375,11546.51953125,23166270000
2022-09-02,11899.1396484375,11862.1298828125,11945.91015625,11471.5,17655900000
2022-09-09,11958.6103515625,11552.3603515625,12270.1904296875,11497.1103515625,23404090000
2022-09-16,11401.2099609375,11066.8095703125,11613.5703125,11024.6396484375,25036080000
2022-09-23,10952.6904296875,10737.509765625,11101.5,10623.2197265625,23349860000
2022-09-30,10697.7099609375,11073.3095703125,11230.4404296875,10572.330078125,22585110000
2022-10-07,10877.2802734375,10649.150390625,10891.9296875,10088.830078125,22753780000
2022-10-14,10742.8095703125,10614.83984375,10972.9697265625,10308.8095703125,23462650000
2022-10-21,10576.0400390625,10792.669921875,11210.3798828125,10542.4296875,24654870000
2022-10-28,10766.2001953125,10342.9404296875,11156.349609375,10319.5400390625,24701810000
2022-11-04,10548.1396484375,11114.150390625,11119.1201171875,10262.9296875,26455400000
2022-11-11,11124.75,11144.9599609375,11492.6201171875,11006.2099609375,25428670000
2022-11-18,11257.009765625,11285.3203125,11310.8203125,10975.66015625,16770440000
2022-11-25,11231.0,11482.4501953125,11546.76953125,10944.3701171875,22859850000
2022-12-02,11308.3798828125,11082.0,11492.3203125,10910.6201171875,22372030000
2022-12-09,11038.169921875,10810.5302734375,11571.6396484375,10775.6103515625,26315540000
2022-12-16,10767.6298828125,10476.1201171875,10833.240234375,10313.3203125,26833670000
2022-12-23,10437.75,10478.08984375,10514.759765625,10207.4697265625,15369040000
2022-12-30,10368.3701171875,10305.240234375,10613.0595703125,10295.25,18589330000
2023-01-06,10363.9599609375,11001.099609375,11027.75,10265.0400390625,26008280000
2023-01-13,10906.3701171875,10852.26953125,11223.41015625,10804.5703125,20165830000
2023-01-20,10924.66015625,11512.41015625,11516.0498046875,10885.650390625,28867240000
2023-01-27,11470.4697265625,12200.8203125,12269.5498046875,11388.5400390625,30435520000
2023-02-03,11946.8603515625,11789.580078125,12231.3095703125,11745.1103515625,27802240000
2023-02-10,11714.599609375,11855.830078125,12071.2900390625,11630.5400390625,24886390000
2023-02-17,11777.5,11590.400390625,11803.2197265625,11432.580078125,19313620000
2023-02-24,11404.1796875,11462.98046875,11565.23046875,11273.6103515625,24508890000
2023-03-03,11524.650390625,11338.349609375,11827.919921875,11319.98046875,25655670000
2023-03-10,11325.3603515625,11717.2802734375,11733.7998046875,10982.7998046875,29339460000
2023-03-17,11696.33984375,11787.400390625,12013.990234375,11550.6904296875,27602640000
2023-03-24,11747.6201171875,12013.4697265625,12044.7900390625,11635.0302734375,21963300000
2023-03-31,12031.5400390625,12087.9599609375,12227.9296875,11898.3603515625,22877740000
2023-04-07,11975.1298828125,12166.26953125,12178.7998046875,11916.5400390625,18863790000
2023-04-14,12117.91015625,12059.5595703125,12245.4296875,12011.9501953125,23893960000
2023-04-21,12046.0302734375,12142.240234375,12154.009765625,11798.76953125,25063800000
2023-04-28,12117.5400390625,11966.400390625,12261.3203125,11925.3701171875,26529160000
2023-05-05,12073.0302734375,12328.509765625,12347.3798828125,12065.7197265625,22355680000
2023-05-12,12350.51953125,12688.83984375,12698.5,12209.580078125,21251510000
2023-05-19,12709.4599609375,12698.08984375,12756.23046875,12415.849609375,21302050000
2023-05-26,12736.419921875,13100.98046875,13154.2900390625,12729.740234375,19793610000
2023-06-02,13190.48046875,13238.51953125,13361.900390625,13089.48046875,23132710000
2023-06-09,13312.3896484375,13782.8203125,13828.169921875,13229.330078125,26097560000
2023-06-16,13859.0703125,13630.6103515625,13864.0595703125,13441.5595703125,23008430000
2023-06-23,13484.099609375,13591.330078125,13654.1396484375,13334.419921875,26140170000
2023-06-30,13719.98046875,13679.0400390625,13844.5,13567.25,19015840000
2023-07-07,13668.0703125,14138.5703125,14163.7998046875,13584.8701171875,25628640000
2023-07-14,14166.66015625,14063.3095703125,14446.5498046875,14030.6201171875,25024560000
2023-07-21,14148.1796875,14050.1103515625,14360.2001953125,13997.1298828125,22587560000
2023-07-28,14199.830078125,13959.7197265625,14370.91015625,13881.349609375,25540660000
2023-08-04,14025.9599609375,13737.990234375,14119.2197265625,13686.509765625,26416770000
2023-08-11,13633.650390625,13316.9296875,13789.16015625,13303.4501953125,24908160000
2023-08-18,13190.01953125,13463.9697265625,13834.6904296875,13161.759765625,21959080000
2023-08-25,13514.3701171875,14034.9697265625,14114.669921875,13376.349609375,21318130000
2023-09-01,14129.9599609375,13748.830078125,14149.6201171875,13642.4697265625,16949900000
2023-09-08,13754.7099609375,13926.0498046875,13957.5703125,13733.1796875,22784040000
2023-09-15,13889.2001953125,13223.98046875,13895.75,13222.5595703125,27268880000
2023-09-22,13287.169921875,13201.2802734375,13353.2197265625,12963.16015625,22586330000
2023-09-29,13337.7099609375,13219.830078125,13382.98046875,13008.599609375,22853050000
2023-10-06,13127.6796875,13574.2197265625,13714.1396484375,13099.0302734375,21465760000
2023-10-13,13613.58984375,13186.1796875,13619.5400390625,13157.330078125,22609810000
2023-10-20,13157.76953125,12595.6103515625,13177.349609375,12543.8603515625,23391370000
2023-10-27,12718.6904296875,13294.1904296875,13302.1796875,12600.5703125,22145120000
2023-11-03,13362.849609375,13521.4501953125,13697.8203125,13344.73046875,23618580000
2023-11-10,13571.1904296875,14113.669921875,14194.3603515625,13556.349609375,24013230000
2023-11-17,14101.4404296875,14265.8603515625,14359.6103515625,14063.9296875,16954290000
2023-11-24,14238.0400390625,14226.2197265625,14423.2197265625,14127.0498046875,21790410000
2023-12-01,14181.349609375,14339.990234375,14353.1103515625,14058.51953125,28917480000
2023-12-08,14279.4599609375,14761.5595703125,14855.6201171875,14264.9599609375,30753970000
2023-12-15,14797.4599609375,14963.8701171875,15069.2900390625,14753.16015625,31761230000
2023-12-22,15006.1796875,15095.1396484375,15150.0703125,14927.1201171875,23487940000
2023-12-29,15099.2001953125,14510.2998046875,15111.41015625,14504.7802734375,21971400000
2024-01-05,14500.1103515625,14970.1904296875,15063.6103515625,14477.5703125,26088280000
2024-01-12,15001.009765625,15055.650390625,15066.8095703125,14706.23046875,22114300000
2024-01-19,15122.3798828125,15510.5,15629.0703125,15087.2001953125,26533650000
2024-01-26,15474.849609375,15361.6396484375,15630.580078125,15158.490234375,25131610000
2024-02-02,15403.16015625,15793.7099609375,15813.26953125,15366.7802734375,24634780000
2024-02-09,15842.3798828125,15906.169921875,16080.0703125,15551.4404296875,27997370000
2024-02-16,15910.4296875,16041.6201171875,16061.8203125,15451.650390625,21319170000
2024-02-23,16094.7998046875,16091.919921875,16134.2197265625,15924.7197265625,27765590000
2024-03-01,16109.830078125,16273.3798828125,16309.01953125,15862.6298828125,28124340000
2024-03-08,16322.099609375,16128.5302734375,16449.69921875,15978.0400390625,25719720000
2024-03-15,16043.580078125,16401.83984375,16538.859375,15925.91015625,28478850000
2024-03-22,16387.830078125,16379.4599609375,16476.380859375,16279.169921875,24064510000
2024-03-29,16397.05078125,16049.080078125,16490.650390625,16046.5595703125,20028870000
2024-04-05,16095.400390625,16442.19921875,16464.599609375,16080.48046875,23857020000
2024-04-12,16293.0302734375,15601.5,16341.4599609375,15587.5,24389160000
2024-04-19,15547.099609375,15611.759765625,15839.0,15222.7802734375,24363920000
2024-04-26,15821.33984375,15840.9599609375,16021.490234375,15557.6396484375,25075720000
2024-05-03,16147.48046875,16346.259765625,16397.390625,16068.33984375,23424620000
2024-05-10,16389.01953125,16698.3203125,16797.830078125,16293.51953125,36596690000
2024-05-17,16708.490234375,16736.029296875,16996.390625,16613.83984375,37723830000
2024-05-24,16786.7890625,16737.080078125,17032.66015625,16690.359375,25441190000
2024-05-31,16771.900390625,17173.119140625,17235.73046875,16445.5390625,27299060000
2024-06-07,17124.140625,17667.560546875,17741.80078125,17057.33984375,25448630000
2024-06-14,17621.1796875,17721.58984375,17936.7890625,17590.80078125,23120500000
2024-06-21,17681.009765625,17858.6796875,17892.779296875,17494.01953125,29617020000
2024-06-28,17891.099609375,18188.30078125,18188.30078125,17657.640625,22391440000
2024-07-05,18200.599609375,18283.41015625,18671.0703125,18197.140625,26571260000
2024-07-12,18303.640625,17871.220703125,18641.529296875,17759.5390625,29093750000
2024-07-19,17835.58984375,17181.720703125,18128.380859375,17033.9609375,27874460000
2024-07-26,17331.94921875,17194.150390625,17791.580078125,17015.380859375,28700210000
2024-08-02,16780.44921875,16660.01953125,16920.630859375,15708.5400390625,30804490000
2024-08-09,16636.51953125,17594.5,17602.720703125,16574.5703125,26607070000
2024-08-16,17516.400390625,17619.349609375,18017.689453125,17502.830078125,25838220000
2024-08-23,17772.73046875,17516.4296875,17941.26953125,17439.400390625,25793830000
2024-08-30,17650.490234375,17127.66015625,17720.380859375,16984.669921875,21339970000
2024-09-06,17137.619140625,17569.6796875,17605.720703125,16668.5703125,26714970000
2024-09-13,17575.259765625,18013.98046875,18099.9296875,17480.66015625,25624210000
2024-09-20,17999.349609375,18190.2890625,18327.33984375,17835.640625,31026640000
2024-09-27,18228.779296875,17918.48046875,18238.279296875,17767.7890625,27792050000
2024-10-04,18130.419921875,18282.05078125,18333.390625,17900.0390625,27026960000
2024-10-11,18217.73046875,18373.609375,18564.25,18208.439453125,27622280000
2024-10-18,18466.009765625,18415.490234375,18620.7109375,18146.609375,29596440000
2024-10-25,18512.580078125,18095.150390625,18785.5,18083.94921875,31549500000
2024-11-01,18189.669921875,19269.4609375,19301.69921875,18112.830078125,36089850000
2024-11-08,19255.140625,19107.650390625,19366.0703125,19073.390625,41524500000
2024-11-15,18929.919921875,18972.419921875,19110.890625,18598.869140625,38318450000
2024-11-22,18966.3203125,19060.48046875,19208.6796875,18899.48046875,26539660000
2024-11-29,19087.470703125,19700.259765625,19790.029296875,19066.51953125,31517780000
2024-12-06,19743.9609375,19902.83984375,20055.9296875,19641.33984375,35203350000
2024-12-13,19995.1796875,19372.76953125,20204.580078125,19336.58984375,42443350000
2024-12-20,19190.0390625,20020.359375,20070.080078125,19168.380859375,28990270000
2024-12-27,19896.76953125,19280.7890625,19904.76953125,19117.58984375,33759790000
2025-01-03,19395.509765625,19478.880859375,20007.94921875,19308.5390625,40023740000
2025-01-10,19312.259765625,19338.2890625,19579.849609375,18831.91015625,37953990000
2025-01-17,19655.55078125,20053.6796875,20068.51953125,19543.3203125,30068900000
2025-01-24,20087.109375,19681.75,20118.609375,19204.94921875,36877300000
2025-01-31,19832.330078125,19791.990234375,19969.169921875,19141.150390625,36051200000
2025-02-07,19774.869140625,19945.640625,19952.169921875,19415.48046875,42914820000
2025-02-14,19956.8203125,19962.359375,20110.119140625,19795.01953125,32179690000
2025-02-21,20006.689453125,18544.419921875,20016.66015625,18535.220703125,38601960000
2025-02-28,18477.169921875,18069.259765625,18992.30078125,17956.599609375,39621470000
2025-03-07,18029.849609375,17303.009765625,18243.580078125,17238.240234375,40842260000
2025-03-14,17523.30078125,17691.630859375,17925.939453125,17431.669921875,32251360000
2025-03-21,17519.83984375,17804.029296875,18281.130859375,17474.810546875,39195490000
2025-03-28,17722.08984375,16550.609375,17763.279296875,16533.0390625,41482090000
2025-04-04,16045.599609375,16387.310546875,17202.939453125,14784.0302734375,59359820000
2025-04-11,16358.5302734375,16286.4501953125,17136.560546875,16066.4599609375,41550680000
2025-04-18,16052.759765625,17166.0390625,17174.349609375,15685.330078125,29832900000
2025-04-25,17182.109375,17710.740234375,17922.830078125,16959.529296875,47733170000
2025-05-02,17868.759765625,17928.140625,18096.0,17503.009765625,38691990000
2025-05-09,18022.55078125,19112.3203125,19207.220703125,17853.83984375,51086210000
2025-05-16,19151.5390625,18925.740234375,19241.41015625,18799.19921875,52039120000
2025-05-23,18622.380859375,19175.869140625,19389.390625,18599.689453125,121809290000
2025-05-30,19131.220703125,19298.44921875,19610.509765625,18847.740234375,41290450000
2025-06-06,19526.990234375,19662.490234375,19800.4609375,19464.83984375,54574770000
2025-06-13,19450.9296875,19546.26953125,19733.310546875,19367.419921875,34959700000
2025-06-20,19639.41015625,20167.91015625,20187.150390625,19334.98046875,44026730000
2025-06-27,20217.259765625,20601.099609375,20624.509765625,20095.05078125,42359860000
2025-07-04,20490.55078125,20630.66015625,20655.390625,20323.01953125,36542880000
2025-07-11,20562.880859375,20885.650390625,20911.830078125,20492.630859375,43596110000
2025-07-18,20959.5703125,21057.9609375,21113.099609375,20750.900390625,55699100000
2025-07-25,21059.939453125,21122.44921875,21457.48046875,21016.919921875,50910490000
2025-08-01,20830.640625,21242.69921875,21408.150390625,20560.169921875,42565540000
2025-08-08,21316.369140625,21710.669921875,21803.75,21284.970703125,44025690000
2025-08-15,21709.33984375,21100.310546875,21716.1796875,20905.990234375,39222350000
2025-08-22,21139.830078125,21705.16015625,21742.4609375,21092.359375,42780020000
2025-08-29,21630.330078125,21707.689453125,21711.9609375,21033.05078125,30669280000
2025-09-05,21860.439453125,22043.0703125,22059.7109375,21534.720703125,43842560000
2025-09-12,22078.630859375,22470.720703125,22540.9296875,22031.619140625,46323840000
2025-09-19,22554.310546875,22384.69921875,22801.900390625,22185.869140625,53335610000
2025-09-26,22403.26953125,22844.05078125,22900.599609375,22285.439453125,46140370000
2025-10-03,22886.16015625,23024.630859375,23062.619140625,22695.8203125,52999200000
2025-10-10,23043.51953125,22562.5390625,23119.91015625,22193.0703125,53148990000
2025-10-17,22489.810546875,22941.80078125,23031.869140625,22396.650390625,54562650000
2025-10-24,23143.23046875,23581.140625,24019.990234375,23127.9609375,52360980000
2025-10-31,23941.779296875,23053.990234375,23976.83984375,23011.060546875,52609140000
2025-11-07,22892.919921875,22870.359375,23569.619140625,22563.419921875,46997370000
2025-11-14,22544.720703125,22900.58984375,23073.1796875,22436.7890625,10841540000
