Date,Synthetic Index Close Price
2002-01-01 00:00:00-05:00,6.747791048483688
2002-01-08 00:00:00-05:00,7.027468796396831
2002-01-15 00:00:00-05:00,6.96308239092346
2002-01-22 00:00:00-05:00,6.553884616192086
2002-01-29 00:00:00-05:00,6.528434078850854
2002-02-05 00:00:00-05:00,6.531899216702254
2002-02-12 00:00:00-05:00,6.49839855704707
2002-02-19 00:00:00-05:00,6.374896470214702
2002-02-26 00:00:00-05:00,6.388938676291966
2002-03-05 00:00:00-05:00,6.804822950530014
2002-03-12 00:00:00-05:00,6.798006856696633
2002-03-19 00:00:00-05:00,6.847868494720769
2002-03-26 00:00:00-05:00,6.594534702567743
2002-04-02 00:00:00-05:00,6.482966260201916
2002-04-09 00:00:00-04:00,6.245816585858266
2002-04-16 00:00:00-04:00,6.530085906268981
2002-04-23 00:00:00-04:00,6.186837243910158
2002-04-30 00:00:00-04:00,5.983482231143392
2002-05-07 00:00:00-04:00,5.627704862567807
2002-05-14 00:00:00-04:00,6.180758677336911
2002-05-21 00:00:00-04:00,5.943166575394571
2002-05-28 00:00:00-04:00,5.881400745706397
2002-06-04 00:00:00-04:00,5.652581946634758
2002-06-11 00:00:00-04:00,5.596585036083242
2002-06-18 00:00:00-04:00,5.894692179508225
2002-06-25 00:00:00-04:00,5.46514995399659
2002-07-02 00:00:00-04:00,5.21212101562786
2002-07-09 00:00:00-04:00,5.35081921112841
2002-07-16 00:00:00-04:00,5.220412183169494
2002-07-23 00:00:00-04:00,4.561113181758765
2002-07-30 00:00:00-04:00,5.003465142300618
2002-08-06 00:00:00-04:00,4.670092554696437
2002-08-13 00:00:00-04:00,4.7693375120949035
2002-08-20 00:00:00-04:00,5.143397098006053
2002-08-27 00:00:00-04:00,5.03558070289104
2002-09-03 00:00:00-04:00,4.697547573688197
2002-09-10 00:00:00-04:00,4.956653305499604
2002-09-17 00:00:00-04:00,4.662768050171277
2002-09-24 00:00:00-04:00,4.408936158511317
2002-10-01 00:00:00-04:00,4.5401880778215755
2002-10-08 00:00:00-04:00,4.332553408406048
2002-10-15 00:00:00-04:00,5.014289584059753
2002-10-22 00:00:00-04:00,4.976273097688754
2002-10-29 00:00:00-05:00,5.029798201835096
2002-11-05 00:00:00-05:00,5.389805809127073
2002-11-12 00:00:00-05:00,5.127087347242715
2002-11-19 00:00:00-05:00,5.186386485591906
2002-11-26 00:00:00-05:00,5.389448491306662
2002-12-03 00:00:00-05:00,5.418271146207939
2002-12-10 00:00:00-05:00,5.140581730475352
2002-12-17 00:00:00-05:00,5.107155451026721
2002-12-24 00:00:00-05:00,5.016642589593587
2002-12-31 00:00:00-05:00,4.864462831474356
2003-01-07 00:00:00-05:00,5.1896338028747175
2003-01-14 00:00:00-05:00,5.275873127397337
2003-01-21 00:00:00-05:00,4.8575682188384235
2003-01-28 00:00:00-05:00,4.6934974979523165
2003-02-04 00:00:00-05:00,4.57297255192539
2003-02-11 00:00:00-05:00,4.510602130850057
2003-02-18 00:00:00-05:00,4.760636541751769
2003-02-25 00:00:00-05:00,4.6684315259541
2003-03-04 00:00:00-05:00,4.5353549843783165
2003-03-11 00:00:00-05:00,4.451438555468515
2003-03-18 00:00:00-05:00,4.989970237458861
2003-03-25 00:00:00-05:00,4.912156980909297
2003-04-01 00:00:00-05:00,4.726249565806694
2003-04-08 00:00:00-04:00,4.8991184140997746
2003-04-15 00:00:00-04:00,4.859024889236942
2003-04-22 00:00:00-04:00,5.083075023424506
2003-04-29 00:00:00-04:00,5.114136268826937
2003-05-06 00:00:00-04:00,5.288155101466642
2003-05-13 00:00:00-04:00,5.277167400904782
2003-05-20 00:00:00-04:00,5.065896000083098
2003-05-27 00:00:00-04:00,5.249414508770995
2003-06-03 00:00:00-04:00,5.365697979038784
2003-06-10 00:00:00-04:00,5.377738293514689
2003-06-17 00:00:00-04:00,5.53811637184606
2003-06-24 00:00:00-04:00,5.3922295562625555
2003-07-01 00:00:00-04:00,5.4721121125064105
2003-07-08 00:00:00-04:00,5.7973844225346225
2003-07-15 00:00:00-04:00,5.790873271773155
2003-07-22 00:00:00-04:00,5.66191699360145
2003-07-29 00:00:00-04:00,5.764257846861889
2003-08-05 00:00:00-04:00,5.559111953235599
2003-08-12 00:00:00-04:00,5.578127810735443
2003-08-19 00:00:00-04:00,5.801886135618351
2003-08-26 00:00:00-04:00,5.824670489760068
2003-09-02 00:00:00-04:00,6.011867567000738
2003-09-09 00:00:00-04:00,6.106525043456056
2003-09-16 00:00:00-04:00,6.151267963387228
2003-09-23 00:00:00-04:00,6.163635566932376
2003-09-30 00:00:00-04:00,5.829067326669322
2003-10-07 00:00:00-04:00,6.163650246215749
2003-10-14 00:00:00-04:00,6.186067040634004
2003-10-21 00:00:00-04:00,6.274194788117306
2003-10-28 00:00:00-05:00,6.103026349770547
2003-11-04 00:00:00-05:00,6.059132429579382
2003-11-11 00:00:00-05:00,5.954081787575161
2003-11-18 00:00:00-05:00,5.770580262254862
2003-11-25 00:00:00-05:00,5.931962423374829
2003-12-02 00:00:00-05:00,5.991899673819165
2003-12-09 00:00:00-05:00,5.949958674668357
2003-12-16 00:00:00-05:00,6.047500213619885
2003-12-23 00:00:00-05:00,6.1545740909984
2003-12-30 00:00:00-05:00,6.257727676192533
2004-01-06 00:00:00-05:00,6.382170231371116
2004-01-13 00:00:00-05:00,6.370450613699353
2004-01-20 00:00:00-05:00,6.461436231777134
2004-01-27 00:00:00-05:00,6.391094614857291
2004-02-03 00:00:00-05:00,6.271288100755264
2004-02-10 00:00:00-05:00,6.316106035929767
2004-02-17 00:00:00-05:00,6.327002307200538
2004-02-24 00:00:00-05:00,6.202816439049021
2004-03-02 00:00:00-05:00,6.21365223540494
2004-03-09 00:00:00-05:00,6.099170875536011
2004-03-16 00:00:00-05:00,5.957563306279323
2004-03-23 00:00:00-05:00,5.794781059785863
2004-03-30 00:00:00-05:00,6.080525960440614
2004-04-06 00:00:00-04:00,6.238197207122164
2004-04-13 00:00:00-04:00,6.143216642015027
2004-04-20 00:00:00-04:00,6.011829081222321
2004-04-27 00:00:00-04:00,6.208152617593961
2004-05-04 00:00:00-04:00,6.030818367298661
2004-05-11 00:00:00-04:00,5.985258044260203
2004-05-18 00:00:00-04:00,5.925664222869678
2004-05-25 00:00:00-04:00,6.03602956609503
2004-06-01 00:00:00-04:00,6.09916749144239
2004-06-08 00:00:00-04:00,6.23498317109374
2004-06-15 00:00:00-04:00,6.26214441729459
2004-06-22 00:00:00-04:00,6.324214715381473
2004-06-29 00:00:00-04:00,6.384940650122349
2004-07-06 00:00:00-04:00,6.214528167330729
2004-07-13 00:00:00-04:00,6.161075203894724
2004-07-20 00:00:00-04:00,6.1884843199376895
2004-07-27 00:00:00-04:00,6.116891297026529
2004-08-03 00:00:00-04:00,6.07230527141961
2004-08-10 00:00:00-04:00,5.9689596462877414
2004-08-17 00:00:00-04:00,5.880158832515863
2004-08-24 00:00:00-04:00,6.366901178435352
2004-08-31 00:00:00-04:00,6.360287669961958
2004-09-07 00:00:00-04:00,6.373544570187717
2004-09-14 00:00:00-04:00,6.520160924183486
2004-09-21 00:00:00-04:00,6.5439833666691
2004-09-28 00:00:00-04:00,6.464008778771933
2004-10-05 00:00:00-04:00,6.7600585303343665
2004-10-12 00:00:00-04:00,6.653601654069576
2004-10-19 00:00:00-04:00,6.748718598982741
2004-10-26 00:00:00-04:00,6.849164047182591
2004-11-02 00:00:00-05:00,7.033097802461789
2004-11-09 00:00:00-05:00,7.1851809599061145
2004-11-16 00:00:00-05:00,7.259969670258994
2004-11-23 00:00:00-05:00,7.199773651715994
2004-11-30 00:00:00-05:00,7.251875437929162
2004-12-07 00:00:00-05:00,7.306373830708605
2004-12-14 00:00:00-05:00,7.4021103244994855
2004-12-21 00:00:00-05:00,7.37448601546392
2004-12-28 00:00:00-05:00,7.417696250438252
2005-01-04 00:00:00-05:00,7.30464879622949
2005-01-11 00:00:00-05:00,7.268028336154499
2005-01-18 00:00:00-05:00,7.340225515491916
2005-01-25 00:00:00-05:00,7.068348435966781
2005-02-01 00:00:00-05:00,7.285975141904685
2005-02-08 00:00:00-05:00,7.353441031583186
2005-02-15 00:00:00-05:00,7.405103285519108
2005-02-22 00:00:00-05:00,7.231528441484297
2005-03-01 00:00:00-05:00,7.326198330325145
2005-03-08 00:00:00-05:00,7.310473264774166
2005-03-15 00:00:00-05:00,7.173447657086957
2005-03-22 00:00:00-05:00,7.000264853759504
2005-03-29 00:00:00-05:00,6.991266554139335
2005-04-05 00:00:00-04:00,7.103786498539055
2005-04-12 00:00:00-04:00,7.237744924600603
2005-04-19 00:00:00-04:00,6.995735200059388
2005-04-26 00:00:00-04:00,7.083910091756647
2005-05-03 00:00:00-04:00,7.198538052450332
2005-05-10 00:00:00-04:00,7.213595533336536
2005-05-17 00:00:00-04:00,7.38078931908851
2005-05-24 00:00:00-04:00,7.581842296525929
2005-05-31 00:00:00-04:00,7.662981575096667
2005-06-07 00:00:00-04:00,7.669478865927321
2005-06-14 00:00:00-04:00,7.6109445209012305
2005-06-21 00:00:00-04:00,7.666776656376651
2005-06-28 00:00:00-04:00,7.653839738984756
2005-07-05 00:00:00-04:00,7.612924646918795
2005-07-12 00:00:00-04:00,7.826720596518086
2005-07-19 00:00:00-04:00,8.034171933265199
2005-07-26 00:00:00-04:00,7.975313617789163
2005-08-02 00:00:00-04:00,8.184110963380574
2005-08-09 00:00:00-04:00,8.115094040453965
2005-08-16 00:00:00-04:00,8.001574257600018
2005-08-23 00:00:00-04:00,7.990212434370602
2005-08-30 00:00:00-04:00,8.01673921088868
2005-09-06 00:00:00-04:00,8.077515968184198
2005-09-13 00:00:00-04:00,8.171896082083029
2005-09-20 00:00:00-04:00,8.025978935060694
2005-09-27 00:00:00-04:00,7.95954182146884
2005-10-04 00:00:00-04:00,7.970955810611363
2005-10-11 00:00:00-04:00,7.784798639106462
2005-10-18 00:00:00-04:00,7.8090485018881495
2005-10-25 00:00:00-04:00,8.106214832639743
2005-11-01 00:00:00-05:00,8.292939156473873
2005-11-08 00:00:00-05:00,8.631572246277594
2005-11-15 00:00:00-05:00,8.7413190746946
2005-11-22 00:00:00-05:00,9.013497431042502
2005-11-29 00:00:00-05:00,8.936985045092321
2005-12-06 00:00:00-05:00,8.996467514057493
2005-12-13 00:00:00-05:00,8.98073745870321
2005-12-20 00:00:00-05:00,8.92027189949637
2005-12-27 00:00:00-05:00,8.894750292647725
2006-01-03 00:00:00-05:00,9.010139392266252
2006-01-10 00:00:00-05:00,9.269143673153046
2006-01-17 00:00:00-05:00,9.233100063300558
2006-01-24 00:00:00-05:00,8.998988894620487
2006-01-31 00:00:00-05:00,9.16915476132779
2006-02-07 00:00:00-05:00,8.737170919392476
2006-02-14 00:00:00-05:00,8.715775188449927
2006-02-21 00:00:00-05:00,8.772410882942127
2006-02-28 00:00:00-05:00,8.812652512617847
2006-03-07 00:00:00-05:00,8.827771329665321
2006-03-14 00:00:00-05:00,8.907899566550402
2006-03-21 00:00:00-05:00,8.845361156835212
2006-03-28 00:00:00-05:00,8.839464256422547
2006-04-04 00:00:00-04:00,9.12636412648844
2006-04-11 00:00:00-04:00,9.06160676690648
2006-04-18 00:00:00-04:00,9.146027571224302
2006-04-25 00:00:00-04:00,9.190900781442325
2006-05-02 00:00:00-04:00,8.795950410245846
2006-05-09 00:00:00-04:00,8.910852342296172
2006-05-16 00:00:00-04:00,8.526046452801204
2006-05-23 00:00:00-04:00,8.361893024248609
2006-05-30 00:00:00-04:00,8.414474400096893
2006-06-06 00:00:00-04:00,8.385892621233683
2006-06-13 00:00:00-04:00,8.155623496478782
2006-06-20 00:00:00-04:00,8.343625058114778
2006-06-27 00:00:00-04:00,8.403552233178887
2006-07-04 00:00:00-04:00,8.729825575303817
2006-07-11 00:00:00-04:00,8.594712240089262
2006-07-18 00:00:00-04:00,8.301792726593732
2006-07-25 00:00:00-04:00,8.521316317974456
2006-08-01 00:00:00-04:00,8.471116839681102
2006-08-08 00:00:00-04:00,8.541097584117923
2006-08-15 00:00:00-04:00,8.686323379354254
2006-08-22 00:00:00-04:00,8.840998783011083
2006-08-29 00:00:00-04:00,8.911156431333545
2006-09-05 00:00:00-04:00,8.956380452976383
2006-09-12 00:00:00-04:00,9.05252189049106
2006-09-19 00:00:00-04:00,9.188138353380083
2006-09-26 00:00:00-04:00,9.382925928711202
2006-10-03 00:00:00-04:00,9.309505368637687
2006-10-10 00:00:00-04:00,9.500184539940301
2006-10-17 00:00:00-04:00,9.639488689507505
2006-10-24 00:00:00-04:00,9.81934947331882
2006-10-31 00:00:00-05:00,9.898732075279876
2006-11-07 00:00:00-05:00,9.927401667930374
2006-11-14 00:00:00-05:00,10.11666543180702
2006-11-21 00:00:00-05:00,10.28267996243256
2006-11-28 00:00:00-05:00,10.104090230429872
2006-12-05 00:00:00-05:00,10.137715357723605
2006-12-12 00:00:00-05:00,10.079776640261422
2006-12-19 00:00:00-05:00,10.09089225951676
2006-12-26 00:00:00-05:00,9.990131569462788
2007-01-02 00:00:00-05:00,10.009156135231756
2007-01-09 00:00:00-05:00,10.178895798065707
2007-01-16 00:00:00-05:00,10.48614472551506
2007-01-23 00:00:00-05:00,10.23290764825309
2007-01-30 00:00:00-05:00,10.233848651573688
2007-02-06 00:00:00-05:00,10.14228366670676
2007-02-13 00:00:00-05:00,10.074887368734142
2007-02-20 00:00:00-05:00,10.199346299666692
2007-02-27 00:00:00-05:00,9.835623369027838
2007-03-06 00:00:00-05:00,9.82876865596299
2007-03-13 00:00:00-04:00,9.598941985212516
2007-03-20 00:00:00-04:00,9.842049423659986
2007-03-27 00:00:00-04:00,9.919799596110373
2007-04-03 00:00:00-04:00,9.986229817782128
2007-04-10 00:00:00-04:00,10.0726249126107
2007-04-17 00:00:00-04:00,10.222088028066361
2007-04-24 00:00:00-04:00,10.76151393913515
2007-05-01 00:00:00-04:00,10.927493310196935
2007-05-08 00:00:00-04:00,11.078145570724326
2007-05-15 00:00:00-04:00,11.016937212408088
2007-05-22 00:00:00-04:00,11.193423231844516
2007-05-29 00:00:00-04:00,11.202067497992465
2007-06-05 00:00:00-04:00,11.410661177255776
2007-06-12 00:00:00-04:00,11.143228068102557
2007-06-19 00:00:00-04:00,11.463853376001868
2007-06-26 00:00:00-04:00,11.348769578566195
2007-07-03 00:00:00-04:00,11.597278897924458
2007-07-10 00:00:00-04:00,11.617818609412227
2007-07-17 00:00:00-04:00,12.090486766426128
2007-07-24 00:00:00-04:00,11.79909053278946
2007-07-31 00:00:00-04:00,11.40721537044444
2007-08-07 00:00:00-04:00,11.546465275167417
2007-08-14 00:00:00-04:00,11.291624741691376
2007-08-21 00:00:00-04:00,11.254600377064667
2007-08-28 00:00:00-04:00,11.237383968940303
2007-09-04 00:00:00-04:00,11.724545528548731
2007-09-11 00:00:00-04:00,11.595558929202308
2007-09-18 00:00:00-04:00,11.8220703067618
2007-09-25 00:00:00-04:00,12.157699512709089
2007-10-02 00:00:00-04:00,12.385276436007448
2007-10-09 00:00:00-04:00,12.592388344318174
2007-10-16 00:00:00-04:00,12.507742647989456
2007-10-23 00:00:00-04:00,12.860476985589422
2007-10-30 00:00:00-04:00,13.459042971906792
2007-11-06 00:00:00-05:00,13.781595809995626
2007-11-13 00:00:00-05:00,12.994361120315284
2007-11-20 00:00:00-05:00,12.801701465355496
2007-11-27 00:00:00-05:00,12.740111551944072
2007-12-04 00:00:00-05:00,12.976504792623658
2007-12-11 00:00:00-05:00,13.251587440768459
2007-12-18 00:00:00-05:00,13.207956940280038
2007-12-25 00:00:00-05:00,13.760456995115057
2008-01-01 00:00:00-05:00,13.523193254205983
2008-01-08 00:00:00-05:00,12.473619592696927
2008-01-15 00:00:00-05:00,12.518628199404779
2008-01-22 00:00:00-05:00,11.74331097002728
2008-01-29 00:00:00-05:00,11.753306782139198
2008-02-05 00:00:00-05:00,11.070772224458075
2008-02-12 00:00:00-05:00,11.063496299933234
2008-02-19 00:00:00-05:00,11.076381901764318
2008-02-26 00:00:00-05:00,11.077104957946458
2008-03-04 00:00:00-05:00,10.711659418395524
2008-03-11 00:00:00-04:00,10.916274071444109
2008-03-18 00:00:00-04:00,10.963476659276154
2008-03-25 00:00:00-04:00,11.17478897593164
2008-04-01 00:00:00-04:00,11.435437863669161
2008-04-08 00:00:00-04:00,11.39599604701952
2008-04-15 00:00:00-04:00,11.129970594004046
2008-04-22 00:00:00-04:00,12.016462118810967
2008-04-29 00:00:00-04:00,12.008279424066803
2008-05-06 00:00:00-04:00,12.420167284477657
2008-05-13 00:00:00-04:00,12.538320137962636
2008-05-20 00:00:00-04:00,12.386547744368055
2008-05-27 00:00:00-04:00,12.241109903166148
2008-06-03 00:00:00-04:00,12.115969599889857
2008-06-10 00:00:00-04:00,11.98648618784647
2008-06-17 00:00:00-04:00,12.132722479964315
2008-06-24 00:00:00-04:00,11.750496764182104
2008-07-01 00:00:00-04:00,11.481547718484173
2008-07-08 00:00:00-04:00,11.345960318956116
2008-07-15 00:00:00-04:00,11.02966037772189
2008-07-22 00:00:00-04:00,10.933567878383235
2008-07-29 00:00:00-04:00,10.944517062523033
2008-08-05 00:00:00-04:00,11.12432886549749
2008-08-12 00:00:00-04:00,11.511933717720146
2008-08-19 00:00:00-04:00,11.273286462542327
2008-08-26 00:00:00-04:00,11.15429637318931
2008-09-02 00:00:00-04:00,11.094681672337112
2008-09-09 00:00:00-04:00,10.427258850110523
2008-09-16 00:00:00-04:00,10.473119767738833
2008-09-23 00:00:00-04:00,10.040313637099313
2008-09-30 00:00:00-04:00,9.809237260610146
2008-10-07 00:00:00-04:00,8.510097159561896
2008-10-14 00:00:00-04:00,8.72816799176043
2008-10-21 00:00:00-04:00,8.398683457842738
2008-10-28 00:00:00-04:00,8.431578177266104
2008-11-04 00:00:00-05:00,8.745614098913247
2008-11-11 00:00:00-05:00,7.820332793268461
2008-11-18 00:00:00-05:00,7.386767067355611
2008-11-25 00:00:00-05:00,7.446713840178049
2008-12-02 00:00:00-05:00,7.324255354111591
2008-12-09 00:00:00-05:00,7.820384654208642
2008-12-16 00:00:00-05:00,7.996707084185655
2008-12-23 00:00:00-05:00,7.641097126364269
2008-12-30 00:00:00-05:00,7.748721088944082
2009-01-06 00:00:00-05:00,8.343921383572821
2009-01-13 00:00:00-05:00,7.834403431172161
2009-01-20 00:00:00-05:00,7.290122707840055
2009-01-27 00:00:00-05:00,7.565074045175859
2009-02-03 00:00:00-05:00,7.732060459199824
2009-02-10 00:00:00-05:00,7.887798560720656
2009-02-17 00:00:00-05:00,7.5926861752787245
2009-02-24 00:00:00-05:00,7.519962221485789
2009-03-03 00:00:00-05:00,7.056092699046614
2009-03-10 00:00:00-04:00,7.171185743509783
2009-03-17 00:00:00-04:00,7.660695340437422
2009-03-24 00:00:00-04:00,7.909372309156294
2009-03-31 00:00:00-04:00,7.968150058092094
2009-04-07 00:00:00-04:00,8.181371861411368
2009-04-14 00:00:00-04:00,8.381760505701124
2009-04-21 00:00:00-04:00,8.401241869055236
2009-04-28 00:00:00-04:00,8.607148629605394
2009-05-05 00:00:00-04:00,8.957056609592831
2009-05-12 00:00:00-04:00,8.79182783894225
2009-05-19 00:00:00-04:00,8.907881708937001
2009-05-26 00:00:00-04:00,9.00339954984257
2009-06-02 00:00:00-04:00,9.440592418303478
2009-06-09 00:00:00-04:00,9.53602227392536
2009-06-16 00:00:00-04:00,9.387675401942507
2009-06-23 00:00:00-04:00,9.25790920887659
2009-06-30 00:00:00-04:00,9.54478188428026
2009-07-07 00:00:00-04:00,9.110557203466744
2009-07-14 00:00:00-04:00,9.493154349779912
2009-07-21 00:00:00-04:00,10.02306698092862
2009-07-28 00:00:00-04:00,10.090650794855435
2009-08-04 00:00:00-04:00,10.351445620292562
2009-08-11 00:00:00-04:00,10.338676137927951
2009-08-18 00:00:00-04:00,10.276125270943744
2009-08-25 00:00:00-04:00,10.671106056466758
2009-09-01 00:00:00-04:00,10.421919456017868
2009-09-08 00:00:00-04:00,10.814958430263173
2009-09-15 00:00:00-04:00,11.068033323576282
2009-09-22 00:00:00-04:00,11.34664660815087
2009-09-29 00:00:00-04:00,11.296988496110782
2009-10-06 00:00:00-04:00,11.252080559574004
2009-10-13 00:00:00-04:00,11.531153845342516
2009-10-20 00:00:00-04:00,11.727527822946989
2009-10-27 00:00:00-04:00,11.774260462754787
2009-11-03 00:00:00-05:00,11.454312188472567
2009-11-10 00:00:00-05:00,12.24267495317901
2009-11-17 00:00:00-05:00,12.586911535461848
2009-11-24 00:00:00-05:00,12.53181336410813
2009-12-01 00:00:00-05:00,12.617693999610026
2009-12-08 00:00:00-05:00,12.53540790247723
2009-12-15 00:00:00-05:00,12.674970390149898
2009-12-22 00:00:00-05:00,12.90433647169755
2009-12-29 00:00:00-05:00,13.140489754556608
2010-01-05 00:00:00-05:00,13.179275566970286
2010-01-12 00:00:00-05:00,12.760927575468202
2010-01-19 00:00:00-05:00,12.890852550177701
2010-01-26 00:00:00-05:00,12.274726877286403
2010-02-02 00:00:00-05:00,12.061244206448249
2010-02-09 00:00:00-05:00,11.942941921817905
2010-02-16 00:00:00-05:00,12.214457410732049
2010-02-23 00:00:00-05:00,12.196338414707604
2010-03-02 00:00:00-05:00,12.528627115020043
2010-03-09 00:00:00-05:00,12.781109897161542
2010-03-16 00:00:00-04:00,12.964447802378787
2010-03-23 00:00:00-04:00,13.102900427507878
2010-03-30 00:00:00-04:00,13.249503702449637
2010-04-06 00:00:00-04:00,13.323086349794469
2010-04-13 00:00:00-04:00,13.522391692570903
2010-04-20 00:00:00-04:00,13.564002674440811
2010-04-27 00:00:00-04:00,13.428235368224001
2010-05-04 00:00:00-04:00,13.130603248143897
2010-05-11 00:00:00-04:00,12.697158802778091
2010-05-18 00:00:00-04:00,12.338618559927184
2010-05-25 00:00:00-04:00,11.782018849774882
2010-06-01 00:00:00-04:00,11.843353989087984
2010-06-08 00:00:00-04:00,11.629104796726601
2010-06-15 00:00:00-04:00,12.25408186394909
2010-06-22 00:00:00-04:00,12.123488417897029
2010-06-29 00:00:00-04:00,11.367569973962302
2010-07-06 00:00:00-04:00,11.272608517496963
2010-07-13 00:00:00-04:00,12.164452832646104
2010-07-20 00:00:00-04:00,12.170550891804751
2010-07-27 00:00:00-04:00,12.520792211190711
2010-08-03 00:00:00-04:00,12.530165023949124
2010-08-10 00:00:00-04:00,12.867027267445849
2010-08-17 00:00:00-04:00,12.687265591617642
2010-08-24 00:00:00-04:00,12.19509790711371
2010-08-31 00:00:00-04:00,12.09001488811845
2010-09-07 00:00:00-04:00,12.5789600423725
2010-09-14 00:00:00-04:00,13.106548663565277
2010-09-21 00:00:00-04:00,13.43721207556072
2010-09-28 00:00:00-04:00,13.6365377307486
2010-10-05 00:00:00-04:00,13.638930586244943
2010-10-12 00:00:00-04:00,13.681990626236784
2010-10-19 00:00:00-04:00,14.029398378102156
2010-10-26 00:00:00-04:00,14.468664643519066
2010-11-02 00:00:00-04:00,14.728957753824147
2010-11-09 00:00:00-05:00,15.029400065689963
2010-11-16 00:00:00-05:00,14.424200059110374
2010-11-23 00:00:00-05:00,14.526084443867331
2010-11-30 00:00:00-05:00,14.371201987033944
2010-12-07 00:00:00-05:00,15.021337061619557
2010-12-14 00:00:00-05:00,15.189850765906524
2010-12-21 00:00:00-05:00,15.40568263183872
2010-12-28 00:00:00-05:00,15.373276154776768
2011-01-04 00:00:00-05:00,15.471302073049758
2011-01-11 00:00:00-05:00,15.711492785119585
2011-01-18 00:00:00-05:00,16.061201509902205
2011-01-25 00:00:00-05:00,15.885439835754887
2011-02-01 00:00:00-05:00,15.999357844319412
2011-02-08 00:00:00-05:00,16.2108437619759
2011-02-15 00:00:00-05:00,16.247725292148083
2011-02-22 00:00:00-05:00,15.87667895878563
2011-03-01 00:00:00-05:00,15.884959646038897
2011-03-08 00:00:00-05:00,16.07382803623948
2011-03-15 00:00:00-04:00,15.604950741027334
2011-03-22 00:00:00-04:00,15.616675831197503
2011-03-29 00:00:00-04:00,16.118814139650397
2011-04-05 00:00:00-04:00,16.304067988551274
2011-04-12 00:00:00-04:00,16.145952243725727
2011-04-19 00:00:00-04:00,16.043759525088326
2011-04-26 00:00:00-04:00,16.59081172398409
2011-05-03 00:00:00-04:00,16.55022682095369
2011-05-10 00:00:00-04:00,16.588349057690188
2011-05-17 00:00:00-04:00,16.106755122534555
2011-05-24 00:00:00-04:00,15.81594372608018
2011-05-31 00:00:00-04:00,16.344489277387428
2011-06-07 00:00:00-04:00,15.791685208983468
2011-06-14 00:00:00-04:00,15.571072119115968
2011-06-21 00:00:00-04:00,15.555416700078032
2011-06-28 00:00:00-04:00,15.81771125293047
2011-07-05 00:00:00-04:00,16.470339869822084
2011-07-12 00:00:00-04:00,16.322526618079163
2011-07-19 00:00:00-04:00,16.837878189691413
2011-07-26 00:00:00-04:00,17.08931638506249
2011-08-02 00:00:00-04:00,16.17120929081932
2011-08-09 00:00:00-04:00,15.548987100080844
2011-08-16 00:00:00-04:00,15.509797624077553
2011-08-23 00:00:00-04:00,15.110241169970825
2011-08-30 00:00:00-04:00,16.028823714906803
2011-09-06 00:00:00-04:00,15.63456716688209
2011-09-13 00:00:00-04:00,15.836050195142063
2011-09-20 00:00:00-04:00,16.418187965991116
2011-09-27 00:00:00-04:00,15.904488048774478
2011-10-04 00:00:00-04:00,14.930529115885934
2011-10-11 00:00:00-04:00,16.000062131244658
2011-10-18 00:00:00-04:00,16.554889259523392
2011-10-25 00:00:00-04:00,16.423454096666028
2011-11-01 00:00:00-04:00,16.108128323665813
2011-11-08 00:00:00-05:00,17.169701545217517
2011-11-15 00:00:00-05:00,16.964737630535325
2011-11-22 00:00:00-05:00,15.79672830349163
2011-11-29 00:00:00-05:00,15.735491551889279
2011-12-06 00:00:00-05:00,16.558785813391022
2011-12-13 00:00:00-05:00,16.240684692567886
2011-12-20 00:00:00-05:00,16.529760820571987
2011-12-27 00:00:00-05:00,16.731142389721104
2012-01-03 00:00:00-05:00,16.96697185610366
2012-01-10 00:00:00-05:00,17.00289222514335
2012-01-17 00:00:00-05:00,17.262626419548226
2012-01-24 00:00:00-05:00,17.49429166313073
2012-01-31 00:00:00-05:00,17.678331129933795
2012-02-07 00:00:00-05:00,18.12837042619607
2012-02-14 00:00:00-05:00,18.60293956903913
2012-02-21 00:00:00-05:00,18.857855571379115
2012-02-28 00:00:00-05:00,19.399971057199124
2012-03-06 00:00:00-05:00,19.088863373060995
2012-03-13 00:00:00-04:00,19.886856786186705
2012-03-20 00:00:00-04:00,20.3519617680288
2012-03-27 00:00:00-04:00,20.795706537262607
2012-04-03 00:00:00-04:00,20.84642051862349
2012-04-10 00:00:00-04:00,20.287269664490047
2012-04-17 00:00:00-04:00,20.28155687384057
2012-04-24 00:00:00-04:00,19.706520667409194
2012-05-01 00:00:00-04:00,20.4632927214085
2012-05-08 00:00:00-04:00,19.734448030559705
2012-05-15 00:00:00-04:00,19.200802379311256
2012-05-22 00:00:00-04:00,20.87439708724743
2012-05-29 00:00:00-04:00,20.875511930144132
2012-06-05 00:00:00-04:00,19.98758925002913
2012-06-12 00:00:00-04:00,20.5918007258858
2012-06-19 00:00:00-04:00,21.525305175034624
2012-06-26 00:00:00-04:00,21.05014382799727
2012-07-03 00:00:00-04:00,21.785220493969483
2012-07-10 00:00:00-04:00,21.278719799076555
2012-07-17 00:00:00-04:00,21.072692712385425
2012-07-24 00:00:00-04:00,21.19540331977568
2012-07-31 00:00:00-04:00,21.201739559028326
2012-08-07 00:00:00-04:00,21.628788378981856
2012-08-14 00:00:00-04:00,21.09284558827292
2012-08-21 00:00:00-04:00,21.40614998364085
2012-08-28 00:00:00-04:00,21.45644053381656
2012-09-04 00:00:00-04:00,21.376046236494883
2012-09-11 00:00:00-04:00,21.69452788076606
2012-09-18 00:00:00-04:00,22.443442641115674
2012-09-25 00:00:00-04:00,22.017082573814676
2012-10-02 00:00:00-04:00,21.99024953620367
2012-10-09 00:00:00-04:00,21.619107903294392
2012-10-16 00:00:00-04:00,21.58432608988418
2012-10-23 00:00:00-04:00,20.663559894852277
2012-10-30 00:00:00-04:00,20.884965930361016
2012-11-06 00:00:00-05:00,21.513138916601715
2012-11-13 00:00:00-05:00,20.55390497430094
2012-11-20 00:00:00-05:00,20.89869062865482
2012-11-27 00:00:00-05:00,21.32582181563773
2012-12-04 00:00:00-05:00,21.612454522792405
2012-12-11 00:00:00-05:00,21.555307197728887
2012-12-18 00:00:00-05:00,21.71934748596723
2012-12-25 00:00:00-05:00,21.322798863562028
2013-01-01 00:00:00-05:00,21.321057248070147
2013-01-08 00:00:00-05:00,21.902835170887094
2013-01-15 00:00:00-05:00,21.928732835554648
2013-01-22 00:00:00-05:00,22.18344815634191
2013-01-29 00:00:00-05:00,22.549239321846606
2013-02-05 00:00:00-05:00,22.407626397563376
2013-02-12 00:00:00-05:00,22.505986361333925
2013-02-19 00:00:00-05:00,22.755151571964202
2013-02-26 00:00:00-05:00,22.18815384452239
2013-03-05 00:00:00-05:00,22.9364462763838
2013-03-12 00:00:00-04:00,22.87643133495942
2013-03-19 00:00:00-04:00,22.603021072802925
2013-03-26 00:00:00-04:00,22.75184418766626
2013-04-02 00:00:00-04:00,22.824751931383517
2013-04-09 00:00:00-04:00,22.732586824311674
2013-04-16 00:00:00-04:00,22.956690877856012
2013-04-23 00:00:00-04:00,23.06646125339472
2013-04-30 00:00:00-04:00,23.69134250338025
2013-05-07 00:00:00-04:00,24.237682265026034
2013-05-14 00:00:00-04:00,24.859315654004632
2013-05-21 00:00:00-04:00,25.347884327361058
2013-05-28 00:00:00-04:00,25.102430335457335
2013-06-04 00:00:00-04:00,24.784442862581866
2013-06-11 00:00:00-04:00,24.847879880780994
2013-06-18 00:00:00-04:00,25.24475313257426
2013-06-25 00:00:00-04:00,24.356855664527465
2013-07-02 00:00:00-04:00,24.882535954506892
2013-07-09 00:00:00-04:00,25.64468580056295
2013-07-16 00:00:00-04:00,26.295926272376057
2013-07-23 00:00:00-04:00,25.698554296171714
2013-07-30 00:00:00-04:00,26.534207404606796
2013-08-06 00:00:00-04:00,27.037697408637897
2013-08-13 00:00:00-04:00,27.245992366968018
2013-08-20 00:00:00-04:00,26.864157351547806
2013-08-27 00:00:00-04:00,26.94293862181332
2013-09-03 00:00:00-04:00,27.089977749341614
2013-09-10 00:00:00-04:00,27.94487876700973
2013-09-17 00:00:00-04:00,27.98159229520614
2013-09-24 00:00:00-04:00,28.558568002499577
2013-10-01 00:00:00-04:00,29.05656792442588
2013-10-08 00:00:00-04:00,28.109014600930156
2013-10-15 00:00:00-04:00,28.941044118098848
2013-10-22 00:00:00-04:00,30.302431055908126
2013-10-29 00:00:00-04:00,30.35000248809791
2013-11-05 00:00:00-05:00,30.52073607403597
2013-11-12 00:00:00-05:00,30.310570060972026
2013-11-19 00:00:00-05:00,30.49778518254454
2013-11-26 00:00:00-05:00,31.250336816197866
2013-12-03 00:00:00-05:00,31.50821107746485
2013-12-10 00:00:00-05:00,31.825700742771705
2013-12-17 00:00:00-05:00,31.522767907830282
2013-12-24 00:00:00-05:00,32.42604785674728
2013-12-31 00:00:00-05:00,32.26426767445944
2014-01-07 00:00:00-05:00,32.1185275348639
2014-01-14 00:00:00-05:00,32.17193781856072
2014-01-21 00:00:00-05:00,32.659602739488186
2014-01-28 00:00:00-05:00,31.63311621203173
2014-02-04 00:00:00-05:00,31.688312356626348
2014-02-11 00:00:00-05:00,33.207634501433105
2014-02-18 00:00:00-05:00,34.18291170001343
2014-02-25 00:00:00-05:00,34.539674948619194
2014-03-04 00:00:00-05:00,34.948209471304054
2014-03-11 00:00:00-04:00,34.65216497033678
2014-03-18 00:00:00-04:00,34.72007427388066
2014-03-25 00:00:00-04:00,33.875533333400405
2014-04-01 00:00:00-04:00,34.061489802793034
2014-04-08 00:00:00-04:00,32.728992203320956
2014-04-15 00:00:00-04:00,32.37570419725218
2014-04-22 00:00:00-04:00,33.271119211323
2014-04-29 00:00:00-04:00,32.821450645644056
2014-05-06 00:00:00-04:00,32.6676754413736
2014-05-13 00:00:00-04:00,33.23939698166018
2014-05-20 00:00:00-04:00,32.958802503009295
2014-05-27 00:00:00-04:00,34.55966433721493
2014-06-03 00:00:00-04:00,34.59846030347863
2014-06-10 00:00:00-04:00,34.98500279279253
2014-06-17 00:00:00-04:00,34.63193752757517
2014-06-24 00:00:00-04:00,34.92620883147944
2014-07-01 00:00:00-04:00,35.78280213450965
2014-07-08 00:00:00-04:00,35.29170792783852
2014-07-15 00:00:00-04:00,35.73382243884242
2014-07-22 00:00:00-04:00,36.21559147040571
2014-07-29 00:00:00-04:00,36.338542564177274
2014-08-05 00:00:00-04:00,36.132268772131816
2014-08-12 00:00:00-04:00,36.42112074488727
2014-08-19 00:00:00-04:00,37.34751291645049
2014-08-26 00:00:00-04:00,37.47337268919003
2014-09-02 00:00:00-04:00,37.628225785672285
2014-09-09 00:00:00-04:00,37.2310854671523
2014-09-16 00:00:00-04:00,37.309410185271396
2014-09-23 00:00:00-04:00,37.353416466647204
2014-09-30 00:00:00-04:00,37.24258283081175
2014-10-07 00:00:00-04:00,36.181571680269826
2014-10-14 00:00:00-04:00,34.84728629741535
2014-10-21 00:00:00-04:00,36.400691234663185
2014-10-28 00:00:00-04:00,37.55933446148332
2014-11-04 00:00:00-05:00,37.458154770764786
2014-11-11 00:00:00-05:00,38.10124143507301
2014-11-18 00:00:00-05:00,38.328505241640784
2014-11-25 00:00:00-05:00,38.559696740893436
2014-12-02 00:00:00-05:00,38.445645530308994
2014-12-09 00:00:00-05:00,38.445880993480685
2014-12-16 00:00:00-05:00,36.41942549381843
2014-12-23 00:00:00-05:00,38.755692538351376
2014-12-30 00:00:00-05:00,38.46372015232674
2015-01-06 00:00:00-05:00,36.759989258168
2015-01-13 00:00:00-05:00,36.88355949320713
2015-01-20 00:00:00-05:00,36.89160757703596
2015-01-27 00:00:00-05:00,36.533738487431414
2015-02-03 00:00:00-05:00,37.03880315634789
2015-02-10 00:00:00-05:00,37.50917493198223
2015-02-17 00:00:00-05:00,38.55168717401493
2015-02-24 00:00:00-05:00,39.75688068877059
2015-03-03 00:00:00-05:00,40.07124821531797
2015-03-10 00:00:00-04:00,38.82449199659985
2015-03-17 00:00:00-04:00,38.952686191653875
2015-03-24 00:00:00-04:00,39.86934112259696
2015-03-31 00:00:00-04:00,38.77916122699047
2015-04-07 00:00:00-04:00,39.01027850775408
2015-04-14 00:00:00-04:00,39.22666892957161
2015-04-21 00:00:00-04:00,39.39905843678705
2015-04-28 00:00:00-04:00,40.75471274900649
2015-05-05 00:00:00-04:00,39.99087929963564
2015-05-12 00:00:00-04:00,39.58759606847179
2015-05-19 00:00:00-04:00,40.490420494103375
2015-05-26 00:00:00-04:00,40.07747078762085
2015-06-02 00:00:00-04:00,40.360049378940786
2015-06-09 00:00:00-04:00,39.57325717528201
2015-06-16 00:00:00-04:00,39.784637537573566
2015-06-23 00:00:00-04:00,40.400290209831304
2015-06-30 00:00:00-04:00,39.187168285023695
2015-07-07 00:00:00-04:00,39.42404224971669
2015-07-14 00:00:00-04:00,40.34806097684694
2015-07-21 00:00:00-04:00,42.339724441450244
2015-07-28 00:00:00-04:00,41.091268390792756
2015-08-04 00:00:00-04:00,41.514021069374905
2015-08-11 00:00:00-04:00,41.692402328716724
2015-08-18 00:00:00-04:00,41.815617678765236
2015-08-25 00:00:00-04:00,37.06368999187874
2015-09-01 00:00:00-04:00,38.34919343982674
2015-09-08 00:00:00-04:00,39.912506036084736
2015-09-15 00:00:00-04:00,40.73776553693313
2015-09-22 00:00:00-04:00,39.961767844542734
2015-09-29 00:00:00-04:00,38.31244262995027
2015-10-06 00:00:00-04:00,40.59006137175469
2015-10-13 00:00:00-04:00,41.31441809595445
2015-10-20 00:00:00-04:00,42.08221239375906
2015-10-27 00:00:00-04:00,44.22740072224821
2015-11-03 00:00:00-05:00,45.08360447211801
2015-11-10 00:00:00-05:00,44.18729493363188
2015-11-17 00:00:00-05:00,43.41727402707672
2015-11-24 00:00:00-05:00,44.083339970073645
2015-12-01 00:00:00-05:00,44.7286563007427
2015-12-08 00:00:00-05:00,44.81562334876664
2015-12-15 00:00:00-05:00,44.119207951248065
2015-12-22 00:00:00-05:00,43.85913740256567
2015-12-29 00:00:00-05:00,44.747533220609945
2016-01-05 00:00:00-05:00,42.80896077073422
2016-01-12 00:00:00-05:00,41.27119212030988
2016-01-19 00:00:00-05:00,39.64724321509985
2016-01-26 00:00:00-05:00,40.60560149173526
2016-02-02 00:00:00-05:00,41.575173521351786
2016-02-09 00:00:00-05:00,38.82518202360688
2016-02-16 00:00:00-05:00,40.46997266749562
2016-02-23 00:00:00-05:00,41.74847096630504
2016-03-01 00:00:00-05:00,43.16525579151548
2016-03-08 00:00:00-05:00,42.58435275394688
2016-03-15 00:00:00-04:00,44.04277240206338
2016-03-22 00:00:00-04:00,44.52531770000062
2016-03-29 00:00:00-04:00,44.933857884007594
2016-04-05 00:00:00-04:00,44.5585887155519
2016-04-12 00:00:00-04:00,44.70224298569647
2016-04-19 00:00:00-04:00,45.44044122851195
2016-04-26 00:00:00-04:00,43.9978141646613
2016-05-03 00:00:00-04:00,43.65766567577208
2016-05-10 00:00:00-04:00,43.73764984336282
2016-05-17 00:00:00-04:00,43.2557647973612
2016-05-24 00:00:00-04:00,43.87248466370487
2016-05-31 00:00:00-04:00,44.60001713957857
2016-06-07 00:00:00-04:00,45.047798797456906
2016-06-14 00:00:00-04:00,43.95219225520972
2016-06-21 00:00:00-04:00,44.22699208435516
2016-06-28 00:00:00-04:00,42.52930638284869
2016-07-05 00:00:00-04:00,43.72894357799107
2016-07-12 00:00:00-04:00,45.5875661313346
2016-07-19 00:00:00-04:00,45.97629075663304
2016-07-26 00:00:00-04:00,46.58173856887372
2016-08-02 00:00:00-04:00,47.266786400134826
2016-08-09 00:00:00-04:00,48.48240502172408
2016-08-16 00:00:00-04:00,48.31352855822369
2016-08-23 00:00:00-04:00,48.596526400757426
2016-08-30 00:00:00-04:00,48.353890806405225
2016-09-06 00:00:00-04:00,48.89239791902799
2016-09-13 00:00:00-04:00,47.795458344507864
2016-09-20 00:00:00-04:00,48.64488736824953
2016-09-27 00:00:00-04:00,49.05463893276428
2016-10-04 00:00:00-04:00,49.07853129333933
2016-10-11 00:00:00-04:00,48.84756877191928
2016-10-18 00:00:00-04:00,48.93608703555053
2016-10-25 00:00:00-04:00,49.96370483358867
2016-11-01 00:00:00-04:00,48.853609475205424
2016-11-08 00:00:00-05:00,49.56880443283364
2016-11-15 00:00:00-05:00,48.18578837311067
2016-11-22 00:00:00-05:00,49.60032075856413
2016-11-29 00:00:00-05:00,49.49990423330489
2016-12-06 00:00:00-05:00,48.69411272899945
2016-12-13 00:00:00-05:00,50.45616304974596
2016-12-20 00:00:00-05:00,50.46330139548087
2016-12-27 00:00:00-05:00,50.413941630295334
2017-01-03 00:00:00-05:00,49.87219038461687
2017-01-10 00:00:00-05:00,51.14510341251598
2017-01-17 00:00:00-05:00,51.41182700682338
2017-01-24 00:00:00-05:00,52.23168922159351
2017-01-31 00:00:00-05:00,52.44024161199311
2017-02-07 00:00:00-05:00,53.22735565863236
2017-02-14 00:00:00-05:00,54.255505550371
2017-02-21 00:00:00-05:00,54.74746506341866
2017-02-28 00:00:00-05:00,55.1807305373314
2017-03-07 00:00:00-05:00,55.49058435343894
2017-03-14 00:00:00-04:00,55.98310442725901
2017-03-21 00:00:00-04:00,55.629373065000316
2017-03-28 00:00:00-04:00,56.543775958611675
2017-04-04 00:00:00-04:00,56.5350226637195
2017-04-11 00:00:00-04:00,56.13503794898005
2017-04-18 00:00:00-04:00,56.18981477950049
2017-04-25 00:00:00-04:00,57.96289071760007
2017-05-02 00:00:00-04:00,59.61805362054029
2017-05-09 00:00:00-04:00,60.270810107035295
2017-05-16 00:00:00-04:00,60.43977047121074
2017-05-23 00:00:00-04:00,60.0896433934945
2017-05-30 00:00:00-04:00,61.269633859020324
2017-06-06 00:00:00-04:00,62.00668948688426
2017-06-13 00:00:00-04:00,60.7309963410141
2017-06-20 00:00:00-04:00,60.35982924211425
2017-06-27 00:00:00-04:00,59.7149164763694
2017-07-04 00:00:00-04:00,58.93395908339684
2017-07-11 00:00:00-04:00,60.68101696306916
2017-07-18 00:00:00-04:00,62.71102136047948
2017-07-25 00:00:00-04:00,63.45967183894469
2017-08-01 00:00:00-04:00,63.28959040594201
2017-08-08 00:00:00-04:00,63.73367250604288
2017-08-15 00:00:00-04:00,62.69416228976069
2017-08-22 00:00:00-04:00,62.36695356504254
2017-08-29 00:00:00-04:00,62.136378381432586
2017-09-05 00:00:00-04:00,62.915836266609794
2017-09-12 00:00:00-04:00,63.86237333489565
2017-09-19 00:00:00-04:00,64.07557709277177
2017-09-26 00:00:00-04:00,62.5792000668139
2017-10-03 00:00:00-04:00,63.975046414788025
2017-10-10 00:00:00-04:00,64.92253663221828
2017-10-17 00:00:00-04:00,65.80539384834907
2017-10-24 00:00:00-04:00,65.58957592629585
2017-10-31 00:00:00-04:00,67.55210217896128
2017-11-07 00:00:00-05:00,66.8107667061962
2017-11-14 00:00:00-05:00,66.90237762497253
2017-11-21 00:00:00-05:00,67.95558179576858
2017-11-28 00:00:00-05:00,68.23075681837165
2017-12-05 00:00:00-05:00,66.26963035637088
2017-12-12 00:00:00-05:00,67.56648779178367
2017-12-19 00:00:00-05:00,68.90682579188785
2017-12-26 00:00:00-05:00,68.02274569731298
2018-01-02 00:00:00-05:00,68.99532229259233
2018-01-09 00:00:00-05:00,71.03842427099451
2018-01-16 00:00:00-05:00,71.12163196203586
2018-01-23 00:00:00-05:00,73.71247134952483
2018-01-30 00:00:00-05:00,72.90091507274563
2018-02-06 00:00:00-05:00,70.34054679329657
2018-02-13 00:00:00-05:00,68.73996853527903
2018-02-20 00:00:00-05:00,71.37904905696877
2018-02-27 00:00:00-05:00,72.52991865587836
2018-03-06 00:00:00-05:00,73.48878569838378
2018-03-13 00:00:00-04:00,75.08139552413917
2018-03-20 00:00:00-04:00,73.00086735539575
2018-03-27 00:00:00-04:00,69.33323357410792
2018-04-03 00:00:00-04:00,69.41015546700032
2018-04-10 00:00:00-04:00,71.06102113864002
2018-04-17 00:00:00-04:00,73.38934629867558
2018-04-24 00:00:00-04:00,69.79276083885621
2018-05-01 00:00:00-04:00,72.20110556746229
2018-05-08 00:00:00-04:00,73.48914376539842
2018-05-15 00:00:00-04:00,73.89957836883909
2018-05-22 00:00:00-04:00,74.22193130888357
2018-05-29 00:00:00-04:00,74.32492010683572
2018-06-05 00:00:00-04:00,77.1959829398063
2018-06-12 00:00:00-04:00,77.13556361261037
2018-06-19 00:00:00-04:00,77.25128970038489
2018-06-26 00:00:00-04:00,75.59602241117913
2018-07-03 00:00:00-04:00,74.89840046573086
2018-07-10 00:00:00-04:00,77.45958314209925
2018-07-17 00:00:00-04:00,78.74648295555797
2018-07-24 00:00:00-04:00,79.69925423843019
2018-07-31 00:00:00-04:00,76.74339217310694
2018-08-07 00:00:00-04:00,79.16891377450538
2018-08-14 00:00:00-04:00,77.5055544759546
2018-08-21 00:00:00-04:00,76.76137045138522
2018-08-28 00:00:00-04:00,78.7438243777812
2018-09-04 00:00:00-04:00,78.55639506024973
2018-09-11 00:00:00-04:00,77.29928092946524
2018-09-18 00:00:00-04:00,77.13166691450512
2018-09-25 00:00:00-04:00,78.24443865611272
2018-10-02 00:00:00-04:00,78.90020690056957
2018-10-09 00:00:00-04:00,76.40265766687754
2018-10-16 00:00:00-04:00,75.32399768901973
2018-10-23 00:00:00-04:00,73.9830587587687
2018-10-30 00:00:00-04:00,71.6926832945407
2018-11-06 00:00:00-05:00,73.76646881970036
2018-11-13 00:00:00-05:00,72.01093315151559
2018-11-20 00:00:00-05:00,68.32797502632401
2018-11-27 00:00:00-05:00,70.08272849937447
2018-12-04 00:00:00-05:00,71.12405971587955
2018-12-11 00:00:00-05:00,70.69744800331712
2018-12-18 00:00:00-05:00,68.57443396459105
2018-12-25 00:00:00-05:00,62.27577754485756
2019-01-01 00:00:00-05:00,66.6249959781891
2019-01-08 00:00:00-05:00,67.74470930214687
2019-01-15 00:00:00-05:00,69.01535879901978
2019-01-22 00:00:00-05:00,69.10769305910382
2019-01-29 00:00:00-05:00,69.4753169945809
2019-02-05 00:00:00-05:00,74.32662870747453
2019-02-12 00:00:00-05:00,73.93753211431893
2019-02-19 00:00:00-05:00,74.5425131129367
2019-02-26 00:00:00-05:00,75.6008448765433
2019-03-05 00:00:00-05:00,75.62582463257702
2019-03-12 00:00:00-04:00,76.55022598464949
2019-03-19 00:00:00-04:00,77.61283794759201
2019-03-26 00:00:00-04:00,77.98161788923399
2019-04-02 00:00:00-04:00,79.45933042228724
2019-04-09 00:00:00-04:00,80.2784749034072
2019-04-16 00:00:00-04:00,81.33578997862939
2019-04-23 00:00:00-04:00,83.33383796908775
2019-04-30 00:00:00-04:00,83.57013614776255
2019-05-07 00:00:00-04:00,81.73668177651255
2019-05-14 00:00:00-04:00,80.05513108565526
2019-05-21 00:00:00-04:00,80.71170248955238
2019-05-28 00:00:00-04:00,79.14000244689088
2019-06-04 00:00:00-04:00,77.59749279283925
2019-06-11 00:00:00-04:00,81.78712643964701
2019-06-18 00:00:00-04:00,83.3297247226123
2019-06-25 00:00:00-04:00,83.16440490364027
2019-07-02 00:00:00-04:00,85.57199961485482
2019-07-09 00:00:00-04:00,85.48849099861974
2019-07-16 00:00:00-04:00,86.71575738827721
2019-07-23 00:00:00-04:00,87.83274751263005
2019-07-30 00:00:00-04:00,88.30307670626318
2019-08-06 00:00:00-04:00,83.70038547260421
2019-08-13 00:00:00-04:00,87.00428259710802
2019-08-20 00:00:00-04:00,86.2004563353893
2019-08-27 00:00:00-04:00,85.5038202059369
2019-09-03 00:00:00-04:00,86.06794381529842
2019-09-10 00:00:00-04:00,87.99477493437396
2019-09-17 00:00:00-04:00,89.07290274931603
2019-09-24 00:00:00-04:00,87.59512126733776
2019-10-01 00:00:00-04:00,87.1028943746781
2019-10-08 00:00:00-04:00,86.3487575801731
2019-10-15 00:00:00-04:00,90.58461318734813
2019-10-22 00:00:00-04:00,89.18706385265378
2019-10-29 00:00:00-04:00,91.34676322704104
2019-11-05 00:00:00-05:00,92.77196367059935
2019-11-12 00:00:00-05:00,92.65940265933504
2019-11-19 00:00:00-05:00,93.93727848372039
2019-11-26 00:00:00-05:00,94.58253034936781
2019-12-03 00:00:00-05:00,93.14659069854171
2019-12-10 00:00:00-05:00,94.88782021228003
2019-12-17 00:00:00-05:00,97.26056251380624
2019-12-24 00:00:00-05:00,98.62514757721866
2019-12-31 00:00:00-05:00,98.910763512389
2020-01-07 00:00:00-05:00,100.23722759590429
2020-01-14 00:00:00-05:00,102.61797233063632
2020-01-21 00:00:00-05:00,103.84979761085089
2020-01-28 00:00:00-05:00,102.57750273276777
2020-02-04 00:00:00-05:00,104.06946913998166
2020-02-11 00:00:00-05:00,105.953851395044
2020-02-18 00:00:00-05:00,107.96080904084592
2020-02-25 00:00:00-05:00,97.85152304084862
2020-03-03 00:00:00-05:00,95.45981310733727
2020-03-10 00:00:00-04:00,92.57640749754525
2020-03-17 00:00:00-04:00,81.9693378692164
2020-03-24 00:00:00-04:00,82.01295049939334
2020-03-31 00:00:00-04:00,85.39441153131611
2020-04-07 00:00:00-04:00,88.07416958493344
2020-04-14 00:00:00-04:00,93.89492969728317
2020-04-21 00:00:00-04:00,89.70257973921399
2020-04-28 00:00:00-04:00,93.26496711811598
2020-05-05 00:00:00-04:00,97.52594206901658
2020-05-12 00:00:00-04:00,99.56508129133896
2020-05-19 00:00:00-04:00,101.88004560781125
2020-05-26 00:00:00-04:00,104.79139895186202
2020-06-02 00:00:00-04:00,106.18816416416348
2020-06-09 00:00:00-04:00,109.91187588807915
2020-06-16 00:00:00-04:00,109.84391053434179
2020-06-23 00:00:00-04:00,112.66709449348828
2020-06-30 00:00:00-04:00,111.13917425362504
2020-07-07 00:00:00-04:00,114.76081921698666
2020-07-14 00:00:00-04:00,116.1335565269995
2020-07-21 00:00:00-04:00,117.10652900881627
2020-07-28 00:00:00-04:00,113.93127628008858
2020-08-04 00:00:00-04:00,120.29518396300928
2020-08-11 00:00:00-04:00,119.43142197825827
2020-08-18 00:00:00-04:00,123.6466295096804
2020-08-25 00:00:00-04:00,128.38519797467885
2020-09-01 00:00:00-04:00,133.75121215198723
2020-09-08 00:00:00-04:00,121.35008647161371
2020-09-15 00:00:00-04:00,123.40522110487233
2020-09-22 00:00:00-04:00,119.93007298289727
2020-09-29 00:00:00-04:00,121.47069746305962
2020-10-06 00:00:00-04:00,121.30456214191533
2020-10-13 00:00:00-04:00,129.87556364155614
2020-10-20 00:00:00-04:00,126.15587711209007
2020-10-27 00:00:00-04:00,126.05125014759409
2020-11-03 00:00:00-05:00,123.22727206474593
2020-11-10 00:00:00-05:00,129.59966653748216
2020-11-17 00:00:00-05:00,133.10202069843518
2020-11-24 00:00:00-05:00,133.29299461065222
2020-12-01 00:00:00-05:00,136.73934311476071
2020-12-08 00:00:00-05:00,138.1930336493905
2020-12-15 00:00:00-05:00,137.5629087979553
2020-12-22 00:00:00-05:00,138.6495663315809
2020-12-29 00:00:00-05:00,140.9072565932234
2021-01-05 00:00:00-05:00,139.4831866629484
2021-01-12 00:00:00-05:00,138.80610505848372
2021-01-19 00:00:00-05:00,140.87210859320743
2021-01-26 00:00:00-05:00,146.1846893069123
2021-02-02 00:00:00-05:00,145.86734140470247
2021-02-09 00:00:00-05:00,148.35375389506837
2021-02-16 00:00:00-05:00,150.58957109982225
2021-02-23 00:00:00-05:00,146.3040266054518
2021-03-02 00:00:00-05:00,144.36134091019628
2021-03-09 00:00:00-05:00,142.7472956939405
2021-03-16 00:00:00-04:00,146.92099205510954
2021-03-23 00:00:00-04:00,145.26234689980996
2021-03-30 00:00:00-04:00,145.7388708881971
2021-04-06 00:00:00-04:00,154.14744561835496
2021-04-13 00:00:00-04:00,158.0809260226097
2021-04-20 00:00:00-04:00,156.27810143698164
2021-04-27 00:00:00-04:00,159.44776013693888
2021-05-04 00:00:00-04:00,155.23378984993244
2021-05-11 00:00:00-04:00,152.4776493851878
2021-05-18 00:00:00-04:00,151.62852933226515
2021-05-25 00:00:00-04:00,157.741674930859
2021-06-01 00:00:00-04:00,157.03195443448902
2021-06-08 00:00:00-04:00,158.74149068814367
2021-06-15 00:00:00-04:00,161.5194720668452
2021-06-22 00:00:00-04:00,163.36561190155373
2021-06-29 00:00:00-04:00,166.2802270678412
2021-07-06 00:00:00-04:00,168.65551813309932
2021-07-13 00:00:00-04:00,170.1689930913829
2021-07-20 00:00:00-04:00,168.13695965043632
2021-07-27 00:00:00-04:00,174.05334940026785
2021-08-03 00:00:00-04:00,174.28069700137908
2021-08-10 00:00:00-04:00,176.2699527487534
2021-08-17 00:00:00-04:00,176.48978518888725
2021-08-24 00:00:00-04:00,181.06776751690552
2021-08-31 00:00:00-04:00,183.99385226048344
2021-09-07 00:00:00-04:00,185.56890229292276
2021-09-14 00:00:00-04:00,183.50399780448743
2021-09-21 00:00:00-04:00,178.97962787822516
2021-09-28 00:00:00-04:00,174.20070751725123
2021-10-05 00:00:00-04:00,172.88516550229375
2021-10-12 00:00:00-04:00,172.3126156332613
2021-10-19 00:00:00-04:00,181.10658886803296
2021-10-26 00:00:00-04:00,180.25842058633552
2021-11-02 00:00:00-04:00,186.66701478642574
2021-11-09 00:00:00-05:00,192.57992632774744
2021-11-16 00:00:00-05:00,191.88726495018523
2021-11-23 00:00:00-05:00,191.18298675833628
2021-11-30 00:00:00-05:00,186.75297192715797
2021-12-07 00:00:00-05:00,191.2739282696187
2021-12-14 00:00:00-05:00,188.41586269751318
2021-12-21 00:00:00-05:00,190.47822206886872
2021-12-28 00:00:00-05:00,197.00039622187614
2022-01-04 00:00:00-05:00,193.7911973252517
2022-01-11 00:00:00-05:00,187.40998449696212
2022-01-18 00:00:00-05:00,180.35715349782413
2022-01-25 00:00:00-05:00,170.32963437993985
2022-02-01 00:00:00-05:00,182.23134227635478
2022-02-08 00:00:00-05:00,175.90642347005235
2022-02-15 00:00:00-05:00,175.61905772245228
2022-02-22 00:00:00-05:00,166.49502701318562
2022-03-01 00:00:00-05:00,166.15201803791422
2022-03-08 00:00:00-05:00,156.90088035930103
2022-03-15 00:00:00-04:00,161.22853006860788
2022-03-22 00:00:00-04:00,174.33317846260152
2022-03-29 00:00:00-04:00,181.82087155249937
2022-04-05 00:00:00-04:00,177.55232908244892
2022-04-12 00:00:00-04:00,165.93845121399696
2022-04-19 00:00:00-04:00,168.62022853999576
2022-04-26 00:00:00-04:00,156.341432810581
2022-05-03 00:00:00-04:00,160.07762645197514
2022-05-10 00:00:00-04:00,152.52344445521092
2022-05-17 00:00:00-04:00,154.33451006793172
2022-05-24 00:00:00-04:00,145.3578830418967
2022-05-31 00:00:00-04:00,154.9442793972352
2022-06-07 00:00:00-04:00,156.39667731273073
2022-06-14 00:00:00-04:00,138.3446386201041
2022-06-21 00:00:00-04:00,140.9994756176191
2022-06-28 00:00:00-04:00,141.5075870446798
2022-07-05 00:00:00-04:00,142.25540135512833
2022-07-12 00:00:00-04:00,141.242674861385
2022-07-19 00:00:00-04:00,147.46319339806288
2022-07-26 00:00:00-04:00,144.27139877947437
2022-08-02 00:00:00-04:00,154.52256457995966
2022-08-09 00:00:00-04:00,157.0877710272785
2022-08-16 00:00:00-04:00,164.87808445271324
2022-08-23 00:00:00-04:00,155.46380953327946
2022-08-30 00:00:00-04:00,148.43796202540398
2022-09-06 00:00:00-04:00,144.2971210156669
2022-09-13 00:00:00-04:00,144.20391754518033
2022-09-20 00:00:00-04:00,141.4507631862364
2022-09-27 00:00:00-04:00,134.65179934471595
2022-10-04 00:00:00-04:00,139.49641909368896
2022-10-11 00:00:00-04:00,129.36273656096776
2022-10-18 00:00:00-04:00,134.329255710129
2022-10-25 00:00:00-04:00,142.03570695359167
2022-11-01 00:00:00-04:00,134.7851090025501
2022-11-08 00:00:00-05:00,134.00118995013355
2022-11-15 00:00:00-05:00,145.14428583839359
2022-11-22 00:00:00-05:00,144.74497033442768
2022-11-29 00:00:00-05:00,141.4428765395609
2022-12-06 00:00:00-05:00,142.78501727701232
2022-12-13 00:00:00-05:00,147.12707202249211
2022-12-20 00:00:00-05:00,137.99157341613488
2022-12-27 00:00:00-05:00,135.98703701005266
2023-01-03 00:00:00-05:00,136.4657688348734
2023-01-10 00:00:00-05:00,140.90164312094194
2023-01-17 00:00:00-05:00,146.06880253628518
2023-01-24 00:00:00-05:00,150.07777255272666
2023-01-31 00:00:00-05:00,152.30847616355962
2023-02-07 00:00:00-05:00,162.2295276104402
2023-02-14 00:00:00-05:00,159.55853266300272
2023-02-21 00:00:00-05:00,152.73546000138052
2023-02-28 00:00:00-05:00,153.19796687089095
2023-03-07 00:00:00-05:00,156.32614252998047
2023-03-14 00:00:00-04:00,157.41828923115207
2023-03-21 00:00:00-04:00,164.37130714214146
2023-03-28 00:00:00-04:00,163.08206187301323
2023-04-04 00:00:00-04:00,170.08101379570837
2023-04-11 00:00:00-04:00,168.02614644520423
2023-04-18 00:00:00-04:00,170.6863795771819
2023-04-25 00:00:00-04:00,165.72410353592463
2023-05-02 00:00:00-04:00,174.3000132208612
2023-05-09 00:00:00-04:00,174.59342707856365
2023-05-16 00:00:00-04:00,178.12975461342754
2023-05-23 00:00:00-04:00,180.67504542665324
2023-05-30 00:00:00-04:00,187.75497694175783
2023-06-06 00:00:00-04:00,190.5137098574338
2023-06-13 00:00:00-04:00,191.91389240637545
2023-06-20 00:00:00-04:00,193.73856971369065
2023-06-27 00:00:00-04:00,193.5447984089871
2023-07-04 00:00:00-04:00,195.84249116718266
2023-07-11 00:00:00-04:00,194.02964922910976
2023-07-18 00:00:00-04:00,205.2172341419368
2023-07-25 00:00:00-04:00,201.49130816094012
2023-08-01 00:00:00-04:00,203.4926830940888
2023-08-08 00:00:00-04:00,199.7961160575642
2023-08-15 00:00:00-04:00,196.6016528829306
2023-08-22 00:00:00-04:00,194.930187616779
2023-08-29 00:00:00-04:00,200.55344386736883
2023-09-05 00:00:00-04:00,203.08176405014106
2023-09-12 00:00:00-04:00,199.2057513912686
2023-09-19 00:00:00-04:00,198.4116405892272
2023-09-26 00:00:00-04:00,190.72915466042122
2023-10-03 00:00:00-04:00,191.5150568352527
2023-10-10 00:00:00-04:00,199.22776138081272
2023-10-17 00:00:00-04:00,199.7188052522535
2023-10-24 00:00:00-04:00,195.60144477030806
2023-10-31 00:00:00-04:00,192.11523861870043
2023-11-07 00:00:00-05:00,204.50635338806305
2023-11-14 00:00:00-05:00,212.72914722186175
2023-11-21 00:00:00-05:00,214.64945310579625
2023-11-28 00:00:00-05:00,215.86789100235248
2023-12-05 00:00:00-05:00,212.86200674541854
2023-12-12 00:00:00-05:00,219.22456671385203
2023-12-19 00:00:00-05:00,224.2558947355807
2023-12-26 00:00:00-05:00,225.34042128995685
2024-01-02 00:00:00-05:00,220.11614288151765
2024-01-09 00:00:00-05:00,223.11887878129463
2024-01-16 00:00:00-05:00,227.1281104015202
2024-01-23 00:00:00-05:00,236.0131345729367
2024-01-30 00:00:00-05:00,239.9498857450084
2024-02-06 00:00:00-05:00,244.17958678267584
2024-02-13 00:00:00-05:00,245.70435910916123
2024-02-20 00:00:00-05:00,244.91583681832842
2024-02-27 00:00:00-05:00,248.40362960601055
2024-03-05 00:00:00-05:00,246.89581337921754
2024-03-12 00:00:00-04:00,252.28203743671168
2024-03-19 00:00:00-04:00,252.5036617858069
2024-03-26 00:00:00-04:00,255.1171537352209
2024-04-02 00:00:00-04:00,254.04698758916692
2024-04-09 00:00:00-04:00,256.28225700895325
2024-04-16 00:00:00-04:00,251.3079813005042
2024-04-23 00:00:00-04:00,247.87219197985505
2024-04-30 00:00:00-04:00,243.1945375454526
2024-05-07 00:00:00-04:00,256.2845382555192
2024-05-14 00:00:00-04:00,260.68644307992037
2024-05-21 00:00:00-04:00,267.0523966608429
2024-05-28 00:00:00-04:00,271.3604415156761
2024-06-04 00:00:00-04:00,268.18707402789295
2024-06-11 00:00:00-04:00,278.71555890831627
2024-06-18 00:00:00-04:00,289.27525678051614
2024-06-25 00:00:00-04:00,287.24815735746824
2024-07-02 00:00:00-04:00,289.8337041407573
2024-07-09 00:00:00-04:00,296.931501532803
2024-07-16 00:00:00-04:00,293.30515766118754
2024-07-23 00:00:00-04:00,284.7860858826076
2024-07-30 00:00:00-04:00,268.52160256575127
2024-08-06 00:00:00-04:00,261.0963209905043
2024-08-13 00:00:00-04:00,275.34813890612423
2024-08-20 00:00:00-04:00,283.9995372373016
2024-08-27 00:00:00-04:00,282.8858558004644
2024-09-03 00:00:00-04:00,272.8678349183888
2024-09-10 00:00:00-04:00,269.87003460751856
2024-09-17 00:00:00-04:00,281.31788262223995
2024-09-24 00:00:00-04:00,287.8053495340487
2024-10-01 00:00:00-04:00,285.4741805318524
2024-10-08 00:00:00-04:00,290.1911782742548
2024-10-15 00:00:00-04:00,290.2629060755257
2024-10-22 00:00:00-04:00,294.02193793504176
2024-10-29 00:00:00-04:00,295.4747649273452
2024-11-05 00:00:00-05:00,290.88793125097493
2024-11-12 00:00:00-05:00,298.6351393982142
2024-11-19 00:00:00-05:00,293.31498329629414
2024-11-26 00:00:00-05:00,297.46622159576214
2024-12-03 00:00:00-05:00,303.11077976101586
2024-12-10 00:00:00-05:00,306.18007139122784
2024-12-17 00:00:00-05:00,313.8362880021083
2024-12-24 00:00:00-05:00,311.8416087169106
2024-12-31 00:00:00-05:00,301.1193789902354
2025-01-07 00:00:00-05:00,304.59592933239054
2025-01-14 00:00:00-05:00,297.942706354025
2025-01-21 00:00:00-05:00,305.4730115823385
2025-01-28 00:00:00-05:00,307.3733612754765
2025-02-04 00:00:00-05:00,306.8980705362408
2025-02-11 00:00:00-05:00,311.23895377171135
2025-02-18 00:00:00-05:00,315.24105794164313
2025-02-25 00:00:00-05:00,304.20849827082213
2025-03-04 00:00:00-05:00,293.96544645488757
2025-03-11 00:00:00-04:00,279.5584601709822
2025-03-18 00:00:00-04:00,279.59663419888795
2025-03-25 00:00:00-04:00,291.29584179129915
2025-04-01 00:00:00-04:00,279.1103328108286
2025-04-08 00:00:00-04:00,247.55277185430043
2025-04-15 00:00:00-04:00,272.7697359503818
2025-04-22 00:00:00-04:00,263.15295993430266
2025-04-29 00:00:00-04:00,281.0950974331182
2025-05-06 00:00:00-04:00,290.7477530759423
2025-05-13 00:00:00-04:00,309.04221216946087
2025-05-20 00:00:00-04:00,311.1573106974613
2025-05-27 00:00:00-04:00,313.67059828078044
2025-06-03 00:00:00-04:00,318.57351805983467
2025-06-10 00:00:00-04:00,323.34578872002464
2025-06-17 00:00:00-04:00,320.6852512176798
2025-06-24 00:00:00-04:00,327.75232657214167
2025-07-01 00:00:00-04:00,333.59067946497134
2025-07-08 00:00:00-04:00,336.25704784253065
2025-07-15 00:00:00-04:00,339.5137994043967
2025-07-22 00:00:00-04:00,339.006713530847
2025-07-29 00:00:00-04:00,342.161053282874
2025-08-05 00:00:00-04:00,344.81852840676027
2025-08-12 00:00:00-04:00,356.40472098734193
2025-08-19 00:00:00-04:00,348.64765452011295
2025-08-26 00:00:00-04:00,350.1980090860058
2025-09-02 00:00:00-04:00,345.69230209503854
2025-09-09 00:00:00-04:00,356.7313100162173
2025-09-16 00:00:00-04:00,364.384575173384
2025-09-23 00:00:00-04:00,368.35234822245195
2025-09-30 00:00:00-04:00,366.4814940382953
2025-10-07 00:00:00-04:00,366.0863498739836
2025-10-14 00:00:00-04:00,362.4443991650052
2025-10-21 00:00:00-04:00,369.550897671395
2025-10-28 00:00:00-04:00,383.524999123411
2025-11-04 00:00:00-05:00,369.87345729079567
2025-11-11 00:00:00-05:00,370.647452689269
