,Date,P_t,p_t,D_t,d_t,Rf_t,rf_t,r_t+1,rx_t+1,Δd_t+1,dp_t,rx_t+1_fitted,Δd_t+1_fitted,dp_t_fitted,D_t_PVM,P_t_PVM,Mispricing Actual-PVM,Mispricing Ratio PVM,Nature
0,2003-02-01,4.604349004355173,1.5270012925815681,0.046342718749999304,-3.071691092083034,1.17,0.1570037488096647,0.020548165693241485,-0.17007219391540823,0.01057165728624021,-4.598692384664602,-0.11615814589551567,0.019151143244740352,-4.658489817595906,0.034251212896544016,3.6127039757962405,0.9916450285589327,0.2744883154563955,In-Sample Training
1,2003-03-01,4.652612492365825,1.5374288881491802,0.04683523686974721,-3.061119434796794,1.21,0.1906203596086497,0.024635326484181493,-0.1323684223254832,-0.01786162403689673,-4.598548322945974,-0.048758769215531204,0.04186016901644806,-4.596284370465504,0.03571540635074205,3.539945167499515,1.11266732486631,0.31431767222887697,In-Sample Training
2,2003-04-01,4.721962757412532,1.5522245515954822,0.046006110294117004,-3.0789810588336906,1.17,0.1570037488096647,0.08830590997851794,0.002128213737465523,-7.548606315221917e-05,-4.631205610429173,-0.05353211851990795,0.04655238727180108,-4.627612104680109,0.037417351227794646,3.8266561696824657,0.8953065877300665,0.23396577796127382,In-Sample Training
3,2003-05-01,5.108139976538217,1.6308353411891527,0.046002637605041405,-3.0790565448968428,1.09,0.08617769624105241,0.05222297337959991,-0.0961970317386733,0.013660464670139039,-4.7098918860859955,0.04168918471586571,0.04734117480425279,-4.641498542952489,0.03923133180225474,4.068274574839784,1.0398654016984326,0.2556035445909852,In-Sample Training
4,2003-06-01,5.3332996587582056,1.6739701195689018,0.046635366859243,-3.0653960802267037,1.16,0.14842000511827322,0.033526524628646893,0.1500603408845984,-0.0029394892507652592,-4.739366199795605,0.0017966968562412222,0.06155545395148683,-4.712417139810788,0.04172210824957515,4.644543190085296,0.68875646867291,0.14829369444624785,In-Sample Training
5,2003-07-01,5.4674695825493815,1.6988159102335816,0.0464984839810917,-3.068335569477469,0.89,-0.11653381625595151,0.05685521157479534,0.15116589104603662,-0.012563341704188158,-4.767151479711051,0.14683989640489392,0.06148715656550217,-4.751959619961298,0.044367992451009836,5.138301922991061,0.32916765955832084,0.06406156440233257,In-Sample Training
6,2003-08-01,5.739130961473937,1.747307798429191,0.045917961922268206,-3.080898911181657,0.91,-0.09431067947124129,0.03662145190670631,0.056824159224225776,0.006970325244600506,-4.828206709610848,0.23302638571894574,0.06089828320626472,-4.792672819462689,0.04715389441394953,5.687860360826947,0.051270600646990516,0.009014039971884324,In-Sample Training
7,2003-09-01,5.9056216161815485,1.7759047135723136,0.046239143119747105,-3.0739285859370566,0.98,-0.020202707317519466,0.021475906340042594,0.14930927784992748,0.40299885775702515,-4.8498332995093705,0.16404674715040557,0.06666968571519148,-4.836460583628272,0.05040479390163624,6.352138909285904,-0.44651729310435595,-0.07029400639391126,In-Sample Training
8,2003-10-01,5.963950645223557,1.7857331214194838,0.0691878694852933,-2.6709297281800315,0.88,-0.12783337150988489,0.021588248377300258,0.062410242897555424,-0.002085459209263618,-4.456662849599516,0.15675882443401215,0.023665495410008078,-4.459898169798836,0.051611875071774616,4.46332799001986,1.5006226552036965,0.3362116023198687,In-Sample Training
9,2003-11-01,6.0243586397009805,1.7958110238683713,0.0690437313550412,-2.673015187389295,0.96,-0.040821994520255166,0.012293972899266866,0.05311596741952203,0.01607633834287192,-4.468826211257666,0.19102284714210802,0.04353751799201322,-4.471866231775638,0.05390856124692866,4.718072057903625,1.3062865817973552,0.2768687221741535,In-Sample Training
10,2003-12-01,6.028666238777902,1.796525798674488,0.0701626718749992,-2.656938849046423,0.96,-0.040821994520255166,0.04482389758669093,0.1501844132445172,0.00036485670090069533,-4.453464647720911,0.12936015186142913,0.032213310203902834,-4.465497079964283,0.05567340761268222,4.841595969980235,1.187070268797667,0.24518160461095095,In-Sample Training
11,2004-01-01,6.232481236831762,1.829774525874624,0.0701882758665958,-2.6565739923455225,0.9,-0.10536051565782628,0.019592127953809206,0.18211105745158415,-0.1896590606774895,-4.486348518220146,0.19489020184120484,0.032016177656657444,-4.463904049372292,0.05748469790026501,4.9911560650966385,1.2413251717351237,0.24870494040764668,In-Sample Training
12,2004-02-01,6.297127944879046,1.8400936476865717,0.05806262828256221,-2.846233053023012,0.85,-0.16251892949777494,0.0035785624333020093,0.03403776991801058,0.013114766948628898,-4.686326700709584,0.2579749954930462,0.0593987782530085,-4.688494868865521,0.061002665940779466,6.6303471084890315,-0.3332191636099857,-0.0502566695465092,In-Sample Training
13,2004-03-01,6.261209416653209,1.8343733640002,0.0588291213235286,-2.833118286074383,0.97,-0.030459207484708574,-0.01633723133705164,0.034956063050498934,0.00023878807107236,-4.667491650074583,0.15311470523002926,0.04438289421850457,-4.688351279024005,0.06377112242927328,6.930253976846791,-0.6690445601935817,-0.09653968850619121,In-Sample Training
14,2004-04-01,6.102398970723934,1.8086819677565282,0.058843170693276506,-2.8328794980033107,0.95,-0.05129329438755058,-0.014547139808631558,0.17178243838286192,0.03878532090763498,-4.641561465759839,0.1263248910055844,0.047525230204343946,-4.678859185332504,0.06687503252614904,7.198909800345975,-1.0965108296220407,-0.15231623398994987,In-Sample Training
15,2004-05-01,5.954580561218767,1.7841607656026532,0.0611702586659656,-2.7940941770956758,0.83,-0.18632957819149348,0.03362046274427445,0.06407967022898303,0.017953450168209706,-4.578254942698329,0.2155907574274314,0.03831486582601685,-4.611932104044163,0.06948706064129366,6.995851863507529,-1.0412713022887612,-0.14884124515562513,In-Sample Training
16,2004-06-01,6.094438531185586,1.8073766391141806,0.0622783935136547,-2.776140726927466,0.97,-0.030459207484708574,0.05081607951462925,0.04086574866146116,0.016773551784269092,-4.583517366041646,0.19056465021245628,0.036181980770756815,-4.573160690577121,0.07204727769546986,6.97776000988152,-0.8833214786959331,-0.12659098012041425,In-Sample Training
17,2004-07-01,6.346189788343118,1.8478545994807638,0.06333183363970521,-2.759367175143197,1.01,0.009950330853168092,-0.017629782974436202,-0.25664668344493613,0.1860389690830635,-4.6072217746239605,0.12410076211718837,0.043597439088452136,-4.58002637359634,0.07525783194929997,7.338915442913394,-0.9927256545702763,-0.13526871406167684,In-Sample Training
18,2004-08-01,6.161230268553604,1.8182764765252994,0.0762812427783606,-2.5733282060601335,1.27,0.23901690047049992,0.046231215939643314,-0.3114432283321726,0.018497551009475366,-4.391604682585433,-0.10094384631072686,0.029145520369748483,-4.439499197043894,0.0774835377481854,6.565373611324647,-0.404143342771043,-0.0615567927579832,In-Sample Training
19,2004-09-01,6.372389829563009,1.8519745687017406,0.0777053899684867,-2.554830655050658,1.43,0.3576744442718159,0.05919591774403604,-0.359514417114149,-0.35970351036555614,-4.406805223752398,-0.18586712001714903,0.024739638505545274,-4.383820257298798,0.07942436110733861,6.365355701772272,0.0070341277907362,0.0011050643703662821,In-Sample Training
20,2004-10-01,6.703946973926958,1.9026964535314002,0.0542292870273103,-2.9145341654162142,1.52,0.41871033485818504,0.11784167362696286,-0.46437394622570083,2.230354377400675,-4.817230618947614,-0.2218570325481266,0.07187901895991408,-4.778325677061285,0.08534348854426049,10.147775847879549,-3.443828873952591,-0.33936785021440974,In-Sample Training
21,2004-11-01,7.014507581495501,1.9479805160080255,0.504503860031512,-0.6841797880155395,1.79,0.5822156198526637,0.1195399444170469,-0.6031660383844428,0.004005586464299271,-2.632160304023565,-0.6208458978617586,-0.18236856825983322,-2.6102431060648748,0.07111623043005603,0.9673483736822484,6.047159207813253,6.251273452597549,In-Sample Training
22,2004-12-01,7.372796208476412,1.9977970383808943,0.5065287465861339,-0.6801742015512402,2.06,0.7227059828014898,0.0689492147204601,-0.5676276143510909,9.033418559800666e-05,-2.6779712399321345,-0.41425003928849136,-0.047194167950178036,-2.6399272314943363,0.06783792598754786,0.9505574960245549,6.422238712451858,6.756286431184966,In-Sample Training
23,2005-01-01,7.391238035638072,2.0002952494319,0.5065745055147054,-0.6800838673656422,1.89,0.636576829071551,0.05309117251383985,-0.7489104129581875,0.028810630522405623,-2.680379116797542,-0.5797916593178641,-0.10006540759684204,-2.691745883128892,0.06137827905846009,0.9057849306104034,6.485453105027668,7.160036434539883,In-Sample Training
24,2005-02-01,7.280669158336337,1.985222775338346,0.5213815118172264,-0.6512732368432366,2.23,0.8020015854720274,0.0748220705218427,-0.8612712886484921,0.0018620113457989973,-2.6364960121815826,-0.6733757427254814,-0.1107360069964261,-2.6668245701561917,0.05494430326921541,0.7908786752004507,6.489790483135887,8.2057977874938,In-Sample Training
25,2005-03-01,7.321069883890919,1.9907564762945258,0.522353234506302,-0.6494112254974376,2.55,0.9360933591703348,0.023840998736174207,-0.9544851240574336,0.0015060636336766686,-2.640167701791963,-0.7945193915789668,-0.11299336823574595,-2.6476697161795686,0.04907386617974669,0.6929766830624717,6.628093200828447,9.5646698696079,In-Sample Training
26,2005-04-01,6.997676876882294,1.9455782192416065,0.5231405244222684,-0.6479051618637609,2.66,0.9783261227936078,0.09369953418803964,-0.8995522388222438,0.024824839096248108,-2.5934833811053672,-0.8990986161116427,-0.11020158084937236,-2.6519867702074493,0.04395318346166083,0.623352285602287,6.374324591280007,10.225878269012993,In-Sample Training
27,2005-05-01,7.1380117219097965,1.9654342672506768,0.5362899445903355,-0.6230803227675128,2.7,0.9932517730102834,0.1526941582221198,-0.8733474376111545,0.0012003181494594228,-2.58851459001819,-0.8804968771200852,-0.12367361284870594,-2.5778713777055247,0.03884003103117526,0.5114873326985133,6.6265243892112835,12.955402735490939,In-Sample Training
28,2005-06-01,7.733808753593284,2.0456014648722882,0.5369340496323524,-0.6218800046180534,2.79,1.0260415958332743,0.03982529976328825,-1.0654315316234901,-0.0029429784577770235,-2.6674814694903417,-0.8644141460158714,-0.11116737579462094,-2.599442910308541,0.03475363137590454,0.46765319125685695,7.266155562336427,15.537487390619592,In-Sample Training
29,2005-07-01,7.526986030086936,2.018494700077102,0.5353561872373943,-0.6248229830758304,3.02,1.1052568313867783,0.13273624363136607,-1.0611862248410684,0.007763089705140391,-2.6433176831529326,-0.9987180152068528,-0.09656722747922086,-2.687923178769025,0.03155451986471854,0.463886549929039,7.063099480157897,15.225919960900661,In-Sample Training
30,2005-08-01,8.020527352426326,2.0820041743833038,0.539528378939075,-0.61705989337069,3.3,1.1939224684724346,0.06611264479540341,-1.1428477010415716,0.0011863115965741189,-2.699064067753994,-1.0224963895521166,-0.11542811512861872,-2.645768157331768,0.028114591835720924,0.3962545791348564,7.6242727732914695,19.240844585159277,In-Sample Training
31,2005-09-01,8.028032502914707,2.0829394796198053,0.5401688075105037,-0.6158735817741159,3.35,1.208960345836975,0.07006831241186874,-1.0773341404256729,0.00015555707111403194,-2.6988130613939214,-1.1011156082516338,-0.09659846855331897,-2.7126796378937,0.02552581404007698,0.38466387203874575,7.643368630875961,19.870253451059924,In-Sample Training
32,2005-10-01,8.067790359853445,2.087879635601353,0.5402528411239491,-0.6157180247030019,3.15,1.1474024528375417,0.039904931966731734,-1.2898190776647644,-1.6316181127154923,-2.7035976603043546,-1.06326862114711,-0.10576530218916595,-2.708801269103308,0.02296393526276956,0.34471783827540886,7.723072521578036,22.40404082427485,In-Sample Training
33,2005-11-01,8.287684111456786,2.1147705708256153,0.1056803679096633,-2.247336137418494,3.78,1.3297240096314962,0.10175457649631645,-1.2820366544054558,0.004727856358495153,-4.362106708244109,-0.9896274661398112,0.07028941541194456,-4.343313489506663,0.02463613748931506,1.8960496290759634,6.391634482380822,3.3710269944230173,In-Sample Training
34,2005-12-01,9.059324874104384,2.2037946000713213,0.1061811924894952,-2.242608281059999,3.99,1.3837912309017721,-0.020573596786903514,-1.4093648381053812,0.0017760189886835143,-4.44640288113132,-1.2799538171996794,-0.014660053134998609,-4.370587111060922,0.024277604879447343,1.9201170497299052,7.139207824374479,3.718110739852407,In-Sample Training
35,2006-01-01,8.771851602793053,2.1715479132662905,0.1063699398634448,-2.2408322620713155,4.01,1.3887912413184778,0.046767443634167516,-1.4188000983802311,0.046201304999486936,-4.412380175337606,-1.2698948436470705,0.04394705003658066,-4.458519918130742,0.025368325430509306,2.190798314752858,6.581053288040195,3.0039521409722267,In-Sample Training
36,2006-02-01,9.076563450805216,2.205695646392698,0.11139966517857089,-2.1946309570718285,4.33,1.4655675420143985,-0.004921145004651056,-1.4978252411828,0.009252321313206746,-4.400326603464526,-1.281627005806713,0.01840597271393228,-4.3736407376857755,0.02583957776079071,2.049903660069279,7.026659790735937,3.4278000120739636,In-Sample Training
37,2006-03-01,8.921491874718427,2.1884631831360792,0.1124351536239491,-2.185378635758622,4.45,1.4929040961781488,0.020714240500175254,-1.5161529790990897,-0.00582090775053512,-4.373841818894701,-1.35197445124476,0.032456607925742634,-4.401816163413476,0.02669200136499156,2.1780387820322336,6.7434530926861935,3.096112497314749,In-Sample Training
38,2006-04-01,8.995511093247337,2.196725685493414,0.1117825800945373,-2.191199543509157,4.65,1.536867219599265,-0.008075637920042395,-1.5363034949285996,0.03130242392258831,-4.387925229002571,-1.373086160428781,0.023438882931546088,-4.387426122446071,0.027325021724719956,2.1978369509214786,6.797674142325858,3.0928928278668826,In-Sample Training
39,2006-05-01,8.810198164858049,2.1759099328685654,0.11533698634453729,-2.1598971195865686,4.61,1.5282278570085572,-0.017665057696853354,-1.5758096757434032,0.009700548488566607,-4.335807052455134,-1.4053880263955172,0.023997138394484283,-4.365505465516174,0.02798867509611991,2.202405460183122,6.607792704674926,3.0002616793937262,In-Sample Training
40,2006-06-01,8.543002846869914,2.1451125674094955,0.1164612626050415,-2.150196571098002,4.75,1.55814461804655,0.024290294248233965,-1.4886367178050226,0.018608845992909906,-4.2953091385074975,-1.4248841493833604,0.018773415317620442,-4.3339803131271255,0.02851908130795163,2.174499269179037,6.368503577690877,2.928721875402262,In-Sample Training
41,2006-07-01,8.633154863546437,2.1556100076476215,0.1186487626050415,-2.131587725105092,4.54,1.5129270120532565,-0.005708012095154194,-1.654366637682536,0.012840125033531269,-4.2871977327527135,-1.381798013260627,0.012876878488465544,-4.282454080094755,0.028888692665613065,2.0920596567870526,6.541095206759385,3.1266293891470953,In-Sample Training
42,2006-08-01,8.466159770593924,2.1360770139492335,0.1201820502888651,-2.118747600071561,5.2,1.6486586255873816,0.06514214222297966,-1.5581986753801123,0.007621834008410655,-4.254824614020794,-1.4750209392958291,0.018716683578216056,-4.2854086221614605,0.029434484962946334,2.1378919812767605,6.328267789317163,2.9600502947477674,In-Sample Training
43,2006-09-01,8.908592904957025,2.1870163058866354,0.1211015576418062,-2.11112576606315,5.07,1.623340817603092,0.05963690562712823,-1.466419397867921,0.0012244353771637684,-4.298142071949785,-1.4560218146956392,0.012699648119598794,-4.253058962866082,0.029810676257057103,2.0962924342701887,6.812300470686837,3.249689957049574,In-Sample Training
44,2006-10-01,9.329062756088351,2.2331345549460524,0.1212499294905457,-2.1099013306859864,4.6,1.5260563034950492,0.06519735323993983,-1.5815363439378574,0.03265006297367501,-4.343035885632039,-1.3878603469562065,0.02726530246227716,-4.305741368988089,0.030634655336577436,2.2707677393452625,7.058295016743089,3.1083297928031284,In-Sample Training
45,2006-11-01,9.82561648146351,2.2849929019918016,0.125274084296218,-2.0772512677123114,5.19,1.6467336971777973,0.03162628519242962,-1.618953570572846,0.015498390791631067,-4.3622441697041126,-1.4338308687595467,0.02600109062882505,-4.322216432455446,0.03144163550543517,2.3692990207780102,7.456317460685499,3.1470563214249996,In-Sample Training
46,2006-12-01,10.011690143464492,2.30375342457528,0.1272307544642852,-2.0617528769206803,5.21,1.6505798557652755,0.011757719858926305,-1.5463868981876236,0.00038176822929703036,-4.3655063014959605,-1.4914590571519513,0.03123592308519054,-4.357266166645208,0.03243924350604104,2.531671602078755,7.4800185413857365,2.954576942461216,In-Sample Training
47,2007-01-01,10.002931551835616,2.3028782052160226,0.1272793363970583,-2.0613711086913833,4.75,1.55814461804655,0.03700701684935239,-1.570428892914075,0.02954298566610225,-4.364249313907406,-1.4440506400495103,0.027942719856701704,-4.372719948311299,0.033358467195001344,2.6439560475209416,7.3589755043146745,2.7833199085191627,In-Sample Training
48,2007-02-01,10.245766918354924,2.326864636708085,0.13109564298844478,-2.031828123025281,4.99,1.6074359097634274,-0.027183856338742884,-1.6854119329422754,0.013570296469343823,-4.358692759733366,-1.4344415272917477,0.02110736837637449,-4.343218514465063,0.03407006015903247,2.621855394291814,7.623911524063111,2.90783066856454,In-Sample Training
49,2007-03-01,9.843331784189935,2.28679424970775,0.1328867753413859,-2.018257826555937,5.25,1.6582280766035324,0.01646949032987207,-1.6068713272732198,0.020271066532304483,-4.305052076263687,-1.5216131997936426,0.02669085016693573,-4.355676187608616,0.03499166350636116,2.72653277498643,7.116799009203506,2.6102011589568828,In-Sample Training
50,2007-04-01,9.870802302289158,2.2895811371011723,0.1356080200892851,-1.9979867600236327,5.07,1.623340817603092,0.11477589106301392,-1.4306566913951742,0.0008381564083026483,-4.287567897124805,-1.4893970765417326,0.012152839932820665,-4.289999174801354,0.035419506077364396,2.5844341417941266,7.286368160495032,2.819328240044376,In-Sample Training
51,2007-05-01,10.921145694784254,2.3907008819181295,0.13572172846638592,-1.99714860361533,4.69,1.545432582458188,0.05261518935717047,-1.5160007285566748,0.009781313715569562,-4.38784948553346,-1.3631395757781288,0.0197451001628958,-4.292381002053696,0.03612581792439094,2.6422570914020107,8.278888603382244,3.1332638411008578,In-Sample Training
52,2007-06-01,11.368479681929117,2.4308445857111542,0.1370557790178565,-1.9873672898997605,4.8,1.5686159179138452,0.012212063305749225,-1.4417409462879562,0.005555440800819156,-4.418211875610915,-1.3941372395853038,0.040336276317173875,-4.391563609613861,0.037612786685182004,3.037857188365845,8.330622493563272,2.7422692960904342,In-Sample Training
53,2007-07-01,11.370321817790009,2.431006611477107,0.1378193031775203,-1.9818118490989414,4.28,1.4539530095937054,0.021961087597964557,-1.5974271556893038,0.016922406527646983,-4.412818460576048,-1.349487699475301,0.03458805726300648,-4.4212935904548445,0.038936500281401866,3.239666630646682,8.130655187143326,2.509719707030577,In-Sample Training
54,2007-08-01,11.481249644225384,2.4407152389938522,0.14017138274684798,-1.9648894425712944,5.05,1.6193882432872684,0.020084690836378927,-1.3711972117945506,0.011001692939975216,-4.405604681565147,-1.4151064590076539,0.026239608280008948,-4.406433318151886,0.03997170103224524,3.276742434629765,8.204507209595619,2.5038608841779886,In-Sample Training
55,2007-09-01,11.571344187123184,2.4485317131196993,0.1417220194327724,-1.9538877496313192,4.02,1.3912819026309295,0.08413370475790438,-1.1743272848521014,0.3461306323776716,-4.402419462751018,-1.319794278111405,0.028975696679431638,-4.399765156205858,0.04114685210831123,3.3506598729691057,8.220684314154079,2.4534523424693413,In-Sample Training
56,2007-10-01,12.37279895884024,2.5155004307235487,0.20033644170167988,-1.6077571172536476,3.52,1.2584609896100056,0.10704932176319897,-1.2539272313724017,0.008381995808189213,-4.123257547977197,-1.1599504460823116,-0.007906233613654398,-4.063668151536244,0.04082281811520619,2.3753720198625743,9.997426938977666,4.208783658046145,In-Sample Training
57,2007-11-01,13.549554222490356,2.606353648075337,0.2020227182247891,-1.5993751214454583,3.9,1.3609765531356006,-0.01691746916597175,-1.306150117442731,0.009387225591494186,-4.205728769520795,-1.1212330187003332,0.02358053451595932,-4.1271927906539965,0.0417968813177404,2.591557998802742,10.957996223687614,4.228343038724208,In-Sample Training
58,2007-12-01,13.124723959072425,2.5744977765667985,0.203928080094537,-1.5899878958539642,3.63,1.2892326482767593,0.04484029818006543,-0.970390381548993,0.0037210570624430783,-4.164485672420763,-1.2067820274367675,0.024815282387284063,-4.209627361025654,0.04284705906835262,2.8849543931108412,10.239769565961584,3.549369650492138,In-Sample Training
59,2008-01-01,13.515846448410455,2.6038628080602573,0.20468832169117568,-1.586266838791521,2.76,1.0152306797290584,-0.14134048745057506,-0.7009562753859977,0.014981914768581683,-4.190129646851778,-0.9646412139760342,0.0046263774880305475,-4.163819319028647,0.04304574498149377,2.768560270249822,10.747286178160634,3.8819043578888204,In-Sample Training
60,2008-02-01,11.556711683331542,2.4472663663196097,0.2077780317752094,-1.5712849240229394,1.75,0.5596157879354227,-0.053980132442571854,-0.7815287397198495,0.007249650600677615,-4.018551290342549,-0.7053315574267439,0.014324729598449803,-4.1823833924544385,0.043666801250359905,2.861128793680392,8.695582889651151,3.039214071333591,In-Sample Training
61,2008-03-01,10.754652543697787,2.375338455707617,0.20928982326680612,-1.5640352734222618,2.07,0.7275486072772777,0.08070309584684936,-0.35755183508430594,0.030683689560781602,-3.939373729129879,-0.6150384963269792,-0.02692821384871637,-4.0170598085158975,0.04250662315580616,2.360714747470542,8.393937796227245,3.5556764345294916,In-Sample Training
62,2008-04-01,11.429222641191876,2.436173465099496,0.21581114469537752,-1.5333515838614802,1.55,0.4382549309311553,0.09597032435948527,-0.11104384502484085,0.01991262574155006,-3.969525048960976,-0.40168464748293214,-0.021865886231859092,-3.910698113528291,0.04158726607814142,2.0766101964964427,9.352612444695433,4.503788173858875,In-Sample Training
63,2008-05-01,12.342699944386023,2.5130647906863497,0.2201515825892851,-1.5134389581199301,1.23,0.20701416938432612,0.023269851311256907,-0.6598269933951869,0.00608510349963276,-4.02650374880628,-0.1492261743752608,0.00184283561542585,-3.960181571682859,0.04166397523269046,2.1859776047170376,10.156722339668985,4.6463066765881695,In-Sample Training
64,2008-06-01,12.410567286134768,2.5185483101890593,0.2214953119747893,-1.5073538546202974,1.98,0.6830968447064438,-0.06074974085608761,-0.7130749268957778,-0.008046952157527043,-4.025902164809357,-0.4290620328339775,0.008019338270479218,-4.043190660726546,0.04199943603280815,2.394301579231493,10.016265706903274,4.18337681175411,In-Sample Training
65,2008-07-01,11.475900054838853,2.4402491890221887,0.2197201018907557,-1.5154008067778244,1.92,0.6523251860396901,-0.03595038393073006,-0.4546607187889151,0.02081878887166355,-3.9556499958000133,-0.6117637615991538,-0.00040805771828081246,-4.045639968658372,0.04198230133498213,2.399193939408266,9.076706115430586,3.7832315121924873,In-Sample Training
66,2008-08-01,10.858394132434007,2.3849384336303316,0.22434235622373888,-1.4945820179061609,1.52,0.41871033485818504,0.041031525054292785,-0.4475484897643781,0.005971770910184526,-3.8795204515364925,-0.4399004663198549,-0.02128977621094213,-3.939045781813526,0.04109795470822193,2.1111838559224805,8.747210276511527,4.1432726249649345,In-Sample Training
67,2008-09-01,11.082846227368073,2.4053985280575505,0.22568608560924308,-1.4886102469959763,1.63,0.4885800148186709,-0.11359552511020349,0.3019199188514623,-0.2947006726606891,-3.8940087750535266,-0.3614925753141677,-0.02205924647161897,-3.8827760688780684,0.040201291018690063,1.9521276882188205,9.130718539149253,4.677316240250858,In-Sample Training
68,2008-10-01,9.744967619191948,2.276751010141479,0.1680807232142851,-1.7833109196566654,0.66,-0.4155154439616658,-0.12331237429662746,1.9969511619034634,0.021600654910860495,-4.060061929798144,0.13578569620278028,0.024284446908928094,-4.1894447616053885,0.041189507719133954,2.7179367360391304,7.027030883152818,2.5854284207488076,In-Sample Training
69,2008-11-01,8.465233306952229,2.135967576569996,0.1717508730304616,-1.761710264745805,0.12,-2.120263536200091,-0.15496263371916935,2.252982974932703,0.000193554983684896,-3.897677841315801,1.4739486065414737,-0.02493837305612951,-4.023933796955638,0.0401750109368945,2.2466128946292363,6.218620412322992,2.767998183928017,In-Sample Training
70,2008-12-01,7.105827353843839,1.9609152014753501,0.1717841194852936,-1.76151670976212,0.09,-2.4079456086518722,0.12261260055330826,2.329887513743029,0.0014931812666081345,-3.72243191123747,2.1953469276066784,-0.032552468996708196,-3.9062867296279387,0.0388882720269846,1.9332918379101078,5.172535515933731,2.6755068295975697,In-Sample Training
71,2009-01-01,7.842871405450361,2.0596050180041017,0.172040815913865,-1.760023528495512,0.11,-2.2072749131897207,-0.028435853672924328,1.868684131212957,0.021698996737764986,-3.8196285464996134,2.3280337450844506,-0.052608801418498156,-3.731817830146256,0.03689529047287192,1.5405607362558404,6.3023106691945205,4.090919962371349,In-Sample Training
72,2009-02-01,7.455854762310333,2.0089995978896944,0.1758147259716381,-1.738324531757747,0.15,-1.8971199848858813,-0.0019659691229551475,1.830615494625355,0.040421985282155015,-3.747324129647441,1.9615646118999697,-0.0071022790471727895,-3.827001385349873,0.03663417816822486,1.6824107595777955,5.773444002732537,3.431649476719582,In-Sample Training
73,2009-03-01,7.262882229848568,1.982776751409069,0.1830670963760499,-1.697902546475592,0.16,-1.8325814637483102,0.1399862339176828,1.8547846620096093,-0.045068542798311295,-3.680679297884661,1.8381022696491867,-0.035740104516618125,-3.7232534839182434,0.03534798996895072,1.4633666924353632,5.799515537413205,3.963132116777606,In-Sample Training
74,2009-04-01,8.157629439587696,2.0989536169154044,0.1749996877626045,-1.7429710892739032,0.18,-1.7147984280919266,0.09998710533723398,2.9133978220972705,0.022086741048052527,-3.8419247061893076,1.8414890577605896,-0.0274328457226776,-3.741785760179026,0.03439147397698076,1.450399688006809,6.707229751580887,4.6244009889427105,In-Sample Training
75,2009-05-01,8.821980583653666,2.1772464007795853,0.17890786108193218,-1.7208843482258507,0.06,-2.8134107167600364,0.08782824490724814,2.128049073433803,0.0020161118433701386,-3.898130749005436,2.4807972299562793,-0.00029835719027117936,-3.82733480037699,0.03438121456399662,1.5794707907310475,7.242509792922618,4.585402804169915,In-Sample Training
76,2009-06-01,9.44001571304251,2.244957644673239,0.1792689231880247,-1.7188682363824805,0.13,-2.0402208285265546,0.03436330759360327,2.074584136120158,0.0004869495356907283,-3.96382588105572,2.328544331164948,-0.002205371748138166,-3.930206930393234,0.034305474752648335,1.746749455320603,7.693266257721906,4.404332993657561,In-Sample Training
77,2009-07-01,9.587878266098995,2.260499620006242,0.1793562393644953,-1.7183812868467898,0.13,-2.0402208285265546,0.0794164475632626,2.045529303936095,0.020538341718743913,-3.978880906853032,2.051298607463007,0.00281184213801497,-3.984788930847643,0.03440207207669032,1.84993489988241,7.7379433662165855,4.182819280131664,In-Sample Training
78,2009-08-01,10.185868797589,2.3210013477186475,0.1830780077468482,-1.697842945128046,0.14,-1.9661128563728327,0.040261162422949734,2.5659898067312055,0.0017411573888908016,-4.018844292846693,2.0317380594577292,-0.006019883363792532,-3.9773652134841853,0.034195597714639356,1.825231536844573,8.360637260744427,4.580589964601502,In-Sample Training
79,2009-09-01,10.4167765225949,2.3434176336278005,0.183397053046218,-1.696101787739155,0.08,-2.5257286443082556,0.0686097824867273,3.575167679806709,0.0161953103633512,-4.039519421366956,2.3500132538386276,0.007758871058156161,-4.029999378953446,0.034461948904135994,1.9388594445762983,8.477917078018601,4.372631085628433,In-Sample Training
80,2009-10-01,10.960437865880856,2.39429223198834,0.1863914070378147,-1.679906477375804,0.03,-3.506557897319982,0.055630219960012994,4.660800405948104,-0.008622142640152042,-4.074198709364144,3.180007264242254,0.002695215187771056,-4.029393645502428,0.034554956553735444,1.9429148913914158,9.01752297448944,4.641234165451042,In-Sample Training
81,2009-11-01,11.395324755084363,2.4332031620795456,0.18479122216386512,-1.688528620015956,0.01,-4.605170185988091,0.11741765794641891,2.525363266598291,-0.0036068458658722324,-4.121731782095502,4.1986285165523745,0.012838098290502054,-4.091385151713649,0.03500143632573258,2.0938803497637677,9.301444405320595,4.442204353448366,In-Sample Training
82,2009-12-01,12.6112837560334,2.534591949397264,0.1841259092699575,-1.6921354658818282,0.09,-2.4079456086518722,0.04282082480247962,3.26169664967068,0.0007841164506678933,-4.226727415279092,3.161187917389668,0.005780388592114084,-4.180981427878502,0.03520434410691157,2.303421522520249,10.30786223351315,4.475022106346814,In-Sample Training
83,2010-01-01,12.973475787084269,2.562906949094363,0.18427034204306672,-1.6913513494311603,0.04,-3.2188758248682006,-0.0633545196056875,2.9323777539483036,0.009349776587570746,-4.2542582985255235,2.947116974922565,0.030160900427928898,-4.238482630528475,0.036282313369944,2.514459171042068,10.4590166160422,4.159549193120391,In-Sample Training
84,2010-02-01,12.004927468595696,2.4853171878886755,0.1860013080357137,-1.6820015728435895,0.05,-2.995732273553991,0.05564801452531541,2.4635936231771876,0.004954704116172826,-4.167318760732265,2.9919670340063034,0.017863386110684016,-4.271323163940929,0.0369362618199724,2.6452396301452454,9.359687838450451,3.53831378140079,In-Sample Training
85,2010-03-01,12.497323203307552,2.525514477640816,0.1869251763392851,-1.6770468687274167,0.09,-2.4079456086518722,0.07007943693781152,1.9026609006861217,0.0001931505800201183,-4.202561346368233,2.6172531079496117,-0.004538818255469061,-4.18583534869409,0.03676899472516075,2.4175026030864815,10.07982060022107,4.169517992390962,In-Sample Training
86,2010-04-01,13.206968499480611,2.580744606920685,0.1869612845325624,-1.6768537181473966,0.16,-1.8325814637483102,0.022246387232732194,1.9883592436055648,0.0062791192203668356,-4.257598325068082,2.066860583499645,0.016230120270057234,-4.230395632275037,0.037370629023613086,2.5690223782349593,10.637946121245651,4.140853817145192,In-Sample Training
87,2010-05-01,13.314398957353804,2.5888460779807123,0.1881389301470582,-1.6705745989270298,0.14,-1.9661128563728327,-0.10344374675381171,1.862669109619021,0.005853688643302268,-4.259420676907742,1.9415771661154746,0.023631270207341418,-4.269466992424531,0.03826426170752747,2.735264277893865,10.579134679459939,3.8676828286610023,In-Sample Training
88,2010-06-01,11.837695231191624,2.4712889509795004,0.1892434665178565,-1.6647209102837275,0.14,-1.9661128563728327,-0.03901138875210816,1.793570074996202,0.0007109215047804707,-4.1360098612632274,1.9038833056212603,0.016351319866140364,-4.2730362123247945,0.038895076159810714,2.7902985550505424,9.047396676141082,3.2424475365781067,In-Sample Training
89,2010-07-01,11.205517575993914,2.416406297707194,0.1893780516018901,-1.664009988778947,0.16,-1.8325814637483102,0.11430371387540672,2.0804165702482393,0.013590516015597576,-4.080416286486141,1.8572449684318422,-0.01159779205066786,-4.148928504652947,0.03844658493584641,2.4362088947789755,8.76930868121494,3.5995717362367365,In-Sample Training
90,2010-08-01,12.350831909422144,2.513723421892143,0.1919693658088229,-1.6504194727633494,0.14,-1.9661128563728327,0.022478834264485534,1.8550602980127957,0.005220240340476856,-4.164142894655493,1.9953899635534091,-0.0071586630003097635,-4.07787653592627,0.0381723415698622,2.2529319743669727,10.097899935055171,4.482114884046808,In-Sample Training
91,2010-09-01,12.437283289744007,2.520698678392732,0.1929741122636548,-1.6451992324228726,0.16,-1.8325814637483102,0.0977077557603836,1.994827740646265,0.08106328900069126,-4.1658979108156045,1.8934307465075204,0.022364785278617044,-4.1835447874271,0.03903567595151241,2.56066119494076,9.876622094803247,3.857059307305877,In-Sample Training
92,2010-10-01,13.4869223368675,2.601720500148415,0.2092687551207976,-1.5641359434221813,0.15,-1.8971199848858813,0.0925200024295326,2.0586328588023655,0.03095568156659745,-4.165856443570596,1.934488373688867,0.0013702041223561325,-4.100624350545096,0.03908919945630958,2.3601266235792804,11.126795713288221,4.714490994730501,In-Sample Training
93,2010-11-01,14.561236551211472,2.678362967130185,0.2158481210609236,-1.5331802618555839,0.14,-1.9661128563728327,0.024779645180051373,1.7967364871119265,0.009526452150084408,-4.211543228985769,2.0054551198792483,0.019722749494013214,-4.154610939963136,0.03986779876610222,2.5406618312381433,12.020574719973329,4.731276934292089,In-Sample Training
94,2010-12-01,14.706478691127682,2.688288123980543,0.21791421349789838,-1.5236538097054995,0.17,-1.7719568419318752,0.052191122746676186,2.711451159679454,-0.0009554858010967227,-4.211941933686043,1.8587081254953621,0.02286172655474945,-4.226217872041843,0.04078974395436812,2.7923771808478697,11.914101510279812,4.266651937995801,In-Sample Training
95,2011-01-01,15.268384735006055,2.725784333347662,0.21770609900210008,-1.5246092955065962,0.07,-2.659260036932778,0.061036524723395796,1.893617988471706,0.03527924631795676,-4.250393628854258,2.3918359812498733,0.016224094945624296,-4.217521326234408,0.04145691814734597,2.8134762497985055,12.45490848520755,4.42687528856856,In-Sample Training
96,2011-02-01,15.99311391478639,2.772158249273737,0.22552369472163789,-1.4893300491886394,0.16,-1.8325814637483102,0.006606696277226017,2.665866733210004,-0.017410962305564937,-4.2614882984623765,2.1380094387772566,0.014999489535810179,-4.2473396171627025,0.04208343774798195,2.942438321882051,13.050675592904339,4.435326815807928,In-Sample Training
97,2011-03-01,15.8790746186586,2.765002180736811,0.221631095456932,-1.5067410114942044,0.07,-2.659260036932778,0.04319979623434919,3.549757693554331,0.04850399230296465,-4.271743192231015,2.3863463389076895,0.027702719376754645,-4.286984555580923,0.043265561840450224,3.1474300307939718,12.731644587864627,4.045092174663193,In-Sample Training
98,2011-04-01,16.340671072017493,2.7936571578674534,0.232646063944327,-1.4582370191912397,0.03,-3.506557897319982,0.035228184334909,3.947251189763055,0.029186582082678436,-4.251894177058693,3.2112116657885914,0.01214028261428494,-4.230069650387849,0.043794019309564336,3.009613406162348,13.331057665855145,4.429491720949633,In-Sample Training
99,2011-05-01,16.68204255799661,2.8143328449489204,0.2395362690388648,-1.4290504371085613,0.02,-3.912023005428146,-0.023497715889182598,3.195378108979018,0.007852275453052338,-4.243383282057482,3.74163997142369,0.018539223764604325,-4.239773885966032,0.04461349922250558,3.0958270549532214,13.586215503043388,4.388557649338289,In-Sample Training
100,2011-06-01,16.06216854891669,2.7764667273556336,0.24142457786239419,-1.421198161655509,0.04,-3.2188758248682006,0.033011616379450576,4.638181802367542,0.0025963042141297077,-4.1976648890111425,3.3833043589542147,0.015682029606466058,-4.269242103836165,0.045318644038033755,3.238807935104576,12.823360613812115,3.9592840547360426,In-Sample Training
101,2011-07-01,16.354793828794683,2.7945210549062858,0.2420522039128144,-1.4186018574413792,0.01,-4.605170185988091,0.03485812592729377,2.0750789544538484,0.05686656187228212,-4.213122912347665,4.098409915065392,0.008581313486273015,-4.194188044740212,0.04570921092098556,3.0305150701736374,13.324278758621046,4.396704339060625,In-Sample Training
102,2011-08-01,16.673731729693458,2.8138345307198187,0.2562157808560917,-1.3617352955690971,0.13,-2.0402208285265546,-0.03288006114228339,3.8791429442858627,-0.008350926718117435,-4.175569826288916,2.8671821666962702,0.0025542936695726343,-4.217074776118821,0.04582611490907971,3.1086035942040233,13.565128135489434,4.363736875548092,In-Sample Training
103,2011-09-01,15.892237272277912,2.76583076813777,0.2540850508140749,-1.3700862222872146,0.02,-3.912023005428146,-0.04229273314193728,3.869730272286209,-0.06985285387058426,-4.135916990424985,3.2359868259482174,0.01891295428215638,-4.1771996221755225,0.04670107003767001,3.0441186593154193,12.848118612962493,4.220636594978154,In-Sample Training
104,2011-10-01,15.010332275604627,2.708738782349361,0.2369421936712178,-1.4399390761577988,0.02,-3.912023005428146,0.08714660959931346,4.692316795587405,0.07809076977074225,-4.14867785850716,3.824227455631637,0.006062577414783944,-4.226255608921076,0.04698505887244457,3.216616352267355,11.793715923337272,3.6664975339766652,In-Sample Training
105,2011-11-01,16.10229869102355,2.7789620376388893,0.25618682733718423,-1.3618483063870566,0.01,-4.605170185988091,0.03259970516206546,3.9446227105902114,-0.011959672783456998,-4.140810344025946,4.336940225875967,-0.00986325502334115,-4.079833534400941,0.04652391120155008,2.751220565568919,13.351078125454631,4.852783630851418,In-Sample Training
106,2011-12-01,16.37839724737055,2.7959632254916054,0.2531411655724783,-1.3738079791705136,0.02,-3.912023005428146,0.027810012143437163,4.632980198131528,0.008012738712775302,-4.169771204662119,4.088248097150692,0.018466118749614076,-4.190205584144297,0.04739100859248883,3.1295299693156635,13.248867278054886,4.233500687949004,In-Sample Training
107,2012-01-01,16.58192464324231,2.8083132251922227,0.2551776676733187,-1.3657952404577383,0.01,-4.605170185988091,0.09034865299470021,3.086080926548691,0.05842001227550542,-4.174108465649961,4.3097155716014655,0.011703737838964542,-4.175505653629378,0.04794891898303836,3.1201673276857282,13.461757315556582,4.3144344202659655,In-Sample Training
108,2012-02-01,17.858486480823082,2.8824788283424736,0.2705292027310918,-1.3073752281822328,0.05,-2.995732273553991,0.1015531623687732,2.760813199301551,-0.010563280971233713,-4.189854056524706,3.5213834307892453,0.001032955605139379,-4.162209200334533,0.04799847367715556,3.082136832940062,14.77634964788302,4.794190021014675,In-Sample Training
109,2012-03-01,19.475434468190397,2.969153900529299,0.2676865669642851,-1.3179385091534666,0.07,-2.659260036932778,0.06892279782779219,3.064655071381783,0.011551016164595085,-4.287092409682765,2.812531968726016,0.02341207129238894,-4.227961188791962,0.049135475210847,3.369576918839363,16.105857549351033,4.779786286908277,In-Sample Training
110,2012-04-01,20.578934602447227,3.0242679604772937,0.2707965459558817,-1.3063874929888715,0.05,-2.995732273553991,0.007828832861341953,2.66708886979412,0.055901947119564754,-4.330655453466165,2.899953513995078,0.03027394946034002,-4.294114998716211,0.05064574568341121,3.7106792736817438,16.868255328765482,4.54586723471489,In-Sample Training
111,2012-05-01,20.45602062612991,3.018277246305248,0.286365719406512,-1.2504855458693067,0.07,-2.659260036932778,-0.011507684202716636,3.495050213117265,-0.009230821439664805,-4.268762792174555,2.7473216760132555,0.023018772063154367,-4.302705834082328,0.05182506978260428,3.8298458713896437,16.626174754740266,4.3412124960286,In-Sample Training
112,2012-06-01,19.94531767792655,2.992994412928021,0.28373449146533547,-1.2597163673089715,0.03,-3.506557897319982,0.08532043718547508,3.304196262053676,0.005121246723248429,-4.252710780236993,3.187174374993673,0.0200780865213861,-4.285274555984694,0.052876134391389946,3.8399961667215674,16.105321511204984,4.19409833029991,In-Sample Training
113,2012-07-01,21.41555341141408,3.064117452966167,0.2851912929359237,-1.254595120585723,0.04,-3.2188758248682006,-0.006698167960971594,2.6525618689718065,0.06145247824819289,-4.31871257355189,3.3249913617661018,0.010152071489125206,-4.270628427779769,0.05341567075977631,3.8227777254650595,17.59277568594902,4.602092234857515,In-Sample Training
114,2012-08-01,20.975551952302705,3.0433575667771358,0.3032667061449573,-1.1931426423375302,0.07,-2.659260036932778,0.038341273137424386,2.4462868817892964,0.02331615516043306,-4.236500209114666,2.806464439941665,0.023104116796670137,-4.290026621082247,0.0546641597368764,3.988756873111102,16.9867950791916,4.258668958667929,In-Sample Training
115,2012-09-01,21.477547931093564,3.0670081072162616,0.31042079858193206,-1.1698264871770971,0.09,-2.4079456086518722,0.03861294696054486,3.0343452205145356,0.12833756783607297,-4.2368345943933585,2.5026124776401057,0.009494941651888356,-4.2343585001727435,0.05518566465544399,3.8087705336264657,17.6687773974671,4.638971353478738,In-Sample Training
116,2012-10-01,21.962185913070783,3.089322152355555,0.35292880803571364,-1.0414889193410242,0.05,-2.995732273553991,-0.011896446196655478,2.801514270563381,0.45613024911566835,-4.130811071696579,2.7886480821738178,0.005833807515612094,-4.120307307049156,0.055508548104879776,3.418114409805167,18.544071503265616,5.425234290013901,In-Sample Training
117,2012-11-01,21.165751415085705,3.052384376063479,0.5569060803571422,-0.5853586702253558,0.06,-2.8134107167600364,0.05999138792242014,2.267266301112141,0.19965352541782017,-3.637743046288835,2.7872698717190993,-0.03726630216283742,-3.700504368681471,0.05347801990776739,2.1641329934694475,19.001618421616257,8.780245243224936,In-Sample Training
118,2012-12-01,21.77483638131036,3.080755008648814,0.6799709891018901,-0.38570514480753565,0.11,-2.2072749131897207,0.009358160759075154,3.921381166187221,-0.0012878416179006313,-3.4664601534563495,2.415870483154392,-0.049376704297204234,-3.4640787853684074,0.0509015829527075,1.6261536928822808,20.14868268842808,12.390392603490934,In-Sample Training
119,2013-01-01,21.31481612848603,3.0594024237894444,0.679095857799369,-0.3869929864254363,0.02,-3.912023005428146,0.08794779515618925,3.999970800584335,0.03172920550381697,-3.4463954102148806,3.295892041534886,-0.03270445356839611,-3.464474091367432,0.049263801840377625,1.5744537412369186,19.74036238724911,12.53791195652451,In-Sample Training
120,2013-02-01,22.53325131650576,3.1149920545741443,0.7009885114233185,-0.3552637809216193,0.02,-3.912023005428146,0.029236569507620123,2.688496606440398,0.001908514703035158,-3.4702558354957636,3.868686931497268,-0.05449841677063689,-3.436215155750593,0.046650850190368735,1.4494019582517783,21.08384935825398,14.546585395596288,In-Sample Training
121,2013-03-01,22.500465529149068,3.1135359991807388,0.702327635766806,-0.35335526621858415,0.07,-2.659260036932778,0.03735074851595785,2.850761465275994,0.0014411940874383689,-3.466891265399323,3.0234955382093402,-0.04026333277833358,-3.5121479367257233,0.04480984273621235,1.502034431678676,20.99843109747039,13.979993170997094,In-Sample Training
122,2013-04-01,22.64878994112975,3.1201064262692357,0.7033405559348733,-0.3519140721311458,0.06,-2.8134107167600364,0.0694908036691089,3.576048700989091,0.07791848658965284,-3.4720204984003815,2.731786680838173,-0.046218015083471925,-3.48325618351438,0.04278595113264761,1.3933497062151718,21.255440234914577,15.254921388437246,In-Sample Training
123,2013-05-01,23.49006901358199,3.1565777366648873,0.7603354317226884,-0.27399558554149295,0.03,-3.506557897319982,0.09040095034179477,3.5969588476617766,0.009819102015957093,-3.43057332220638,3.241825013381097,-0.05152882370479351,-3.4051131674799056,0.04063708122477919,1.2238955787013308,22.26617343488066,18.192870227137497,In-Sample Training
124,2013-06-01,24.898655258283455,3.2148137963208745,0.7678380169380247,-0.26417648352553585,0.03,-3.506557897319982,0.03249500297298778,4.637665188961079,0.003127876061455981,-3.4789902798464105,3.4853775095610398,-0.04268819921035732,-3.4442015897957026,0.03893886223967301,1.219497748029454,23.679157510254,19.417139185797076,In-Sample Training
125,2013-07-01,24.949218583668916,3.2168425024152416,0.7702434791228986,-0.2610486074640799,0.01,-4.605170185988091,0.10165263574655352,4.013675641174699,0.014753208558733577,-3.4778911098793213,4.157957884325341,-0.03423276222095564,-3.4861174663605725,0.03762843516633243,1.228903374654135,23.72031520901478,19.30201812302019,In-Sample Training
126,2013-08-01,26.779713794722085,3.2876446529289227,0.7816912800682767,-0.2462953989053463,0.02,-3.912023005428146,0.039323854431045635,3.9513468598591914,-0.00014199895622352132,-3.533940051834269,4.099688329233122,-0.04830503694381705,-3.497090563969583,0.03585399445076333,1.1838718159521047,25.59584197876998,21.62045048617451,In-Sample Training
127,2013-09-01,27.06390063848127,3.298200760117887,0.7815802886029406,-0.24643739786156982,0.02,-3.912023005428146,0.09780599380890548,2.400391086802951,-0.052300049817191885,-3.5446381579794566,3.843620486123966,-0.03022125319133598,-3.5611272762210424,0.03478665126549006,1.2245895493637076,25.839311089117565,21.10038510662089,In-Sample Training
128,2013-10-01,29.048536546778777,3.368968104981752,0.7417541331407557,-0.2987374476787617,0.1,-2.3025850929940455,0.05869239107052654,3.565250288390508,-0.26868715170329666,-3.6677055526605136,2.84459870823862,-0.03678982759931362,-3.641976459206425,0.03353011201689908,1.2797504288923687,27.768786117886407,21.698594890818246,In-Sample Training
129,2013-11-01,30.214744752852106,3.4083300420814013,0.5669837703518901,-0.5674245993820584,0.03,-3.506557897319982,0.06056452803351013,3.056296801587501,-0.22537468492956614,-3.9757546414634595,3.1169701803345258,0.010525759204818885,-3.9411828858000217,0.033884905863723426,1.744376643172518,28.470368109679587,16.321227540573002,In-Sample Training
130,2013-12-01,31.62749985962355,3.4540269908682575,0.4525761311712178,-0.7927992843116245,0.05,-2.995732273553991,0.03398024701143601,4.639150432999527,0.008316498176822895,-4.246826275179882,3.1612110827712154,0.015512381535904597,-4.231245562828547,0.034414639544657476,2.367826216096577,29.259673643526973,12.35718797461509,In-Sample Training
131,2014-01-01,32.255264428099856,3.4736812680005116,0.4563556742384447,-0.7844827861348016,0.01,-4.605170185988091,0.013992273679960381,3.5205501709999423,0.016336181897625424,-4.258164054135313,4.0127644938158245,0.0187044061094347,-4.239013597559234,0.035064402712439574,2.4313454000164096,29.823919028083445,12.266426246094923,In-Sample Training
132,2014-02-01,32.2460221277409,3.4733946907579254,0.463872010504201,-0.7681466042371762,0.03,-3.506557897319982,0.0858951235415514,3.304770948409752,0.014852081917759885,-4.241541294995102,3.811503365470561,0.014283818680980376,-4.2824471895030465,0.03556885042604151,2.575805182114137,29.670216945626763,11.518812506338083,In-Sample Training
133,2014-03-01,34.63257548850844,3.5447947272489126,0.47081289128151194,-0.7532945223194163,0.04,-3.2188758248682006,-0.003355948655308621,3.9086670567728374,0.004767307972355805,-4.298089249568329,3.3248363443864335,0.012606018318139109,-4.25109950856911,0.03602007007230631,2.527979873207071,32.10459561530136,12.69970380522552,In-Sample Training
134,2014-04-01,34.051420657449405,3.527871754410893,0.47306275997899083,-0.7485272143470605,0.02,-3.912023005428146,-0.012360650391036369,3.8996623550371097,-0.05871257588287693,-4.276398968757953,3.6273737395279206,0.030882572164424225,-4.308463240727413,0.03714981744976062,2.761204007002849,31.290216650446556,11.332091569869386,In-Sample Training
135,2014-05-01,33.198203385658864,3.502495759568386,0.446087663996848,-0.8072397902299374,0.02,-3.912023005428146,0.06126932387282933,3.05700159742682,0.007115006710439742,-4.309735549798323,3.8485012390430406,0.020902434623679512,-4.356724093368083,0.037934511518557125,2.9589370712435774,30.239266314415286,10.219638196531964,In-Sample Training
136,2014-06-01,34.8245566472286,3.550322788708409,0.4492728987657555,-0.8001247835194977,0.05,-2.995732273553991,0.03985361764441575,3.5464115149643973,0.013946634885893539,-4.350447572227907,3.2918336951651614,0.01150762201675806,-4.335802111759797,0.038373568946782566,2.9312112886678423,31.893345358560754,10.880602664796449,In-Sample Training
137,2014-07-01,35.772484762382796,3.5771790158396937,0.4555826414128143,-0.7861781486336041,0.03,-3.506557897319982,0.01697180884859856,4.6221419948366895,0.00908004806231899,-4.363357164473298,3.323168233656885,0.029988829532176808,-4.3516705654579235,0.03954177640258199,3.068758338941253,32.703726423441545,10.656989834763136,In-Sample Training
138,2014-08-01,35.92311574085107,3.5813809807872135,0.4597381914390748,-0.7770981005712851,0.01,-4.605170185988091,0.05207875633547112,3.964101761763617,0.013865619245128746,-4.358479081358499,4.184207678335779,0.029884925552658946,-4.361725269213988,0.0407413142206377,3.193803924591845,32.72931181625922,10.247752394643918,In-Sample Training
139,2014-09-01,37.358732556822474,3.6205666876465865,0.46615714469537745,-0.7632324813261564,0.02,-3.912023005428146,-0.007857769456422336,4.597312416531668,-0.0027288780430766435,-4.383799168972743,4.1041462852994695,0.02119768555832648,-4.378077430168161,0.04161415419903772,3.3160108382944333,34.04272171852804,10.266167204699991,In-Sample Training
140,2014-10-01,36.61074760937358,3.6003418478297755,0.46488679280462114,-0.765961359369233,0.01,-4.605170185988091,0.05215710005656516,4.657327286044656,0.21511637096218583,-4.366303207199008,4.298227715915,0.033520430239555365,-4.401610437246247,0.0430327212152525,3.5107017387664152,33.10004587060717,9.428327534949696,In-Sample Training
141,2014-11-01,37.97302000953996,3.6368759078082484,0.5764625003939069,-0.5508449884070472,0.01,-4.605170185988091,0.027770010728260186,4.632940196716351,0.004010450826449574,-4.187720896215295,4.5301242905657055,-0.0021481820978366704,-4.17446353696243,0.04294037831411137,2.79133746942053,35.181682540119425,12.603880012911159,In-Sample Training
142,2014-12-01,38.4561664948099,3.649519060070791,0.5787790169380246,-0.5468345375805976,0.01,-4.605170185988091,0.004038104420688039,3.51059600174067,0.0021166422411121877,-4.196353597651389,4.544408359832668,0.020633653796498456,-4.209432911592355,0.04383559929271228,2.950940370199227,35.50522612461067,12.031834490174266,In-Sample Training
143,2015-01-01,38.03807091003111,3.6385875242469927,0.5800053824842432,-0.5447178953394854,0.03,-3.506557897319982,-0.02764264622531576,4.577527539762775,0.14388458889410838,-4.183305419586478,3.803953795113559,0.009793152353109468,-4.234645978246348,0.04426699691862311,3.056071012539011,34.9819998974921,11.446723506738392,In-Sample Training
144,2015-02-01,36.36076940260357,3.5934904297730608,0.6697616966911759,-0.40083330644537707,0.01,-4.605170185988091,0.11069466790600095,4.022717673334147,0.008701445732320068,-3.994323736218438,4.131770314349739,-0.004774819654329694,-4.046182032758636,0.04405613380897855,2.519073922674108,33.84169547992946,13.434181178774228,In-Sample Training
145,2015-03-01,39.87600382935537,3.685774735192035,0.6756150210084029,-0.392131860713057,0.02,-3.912023005428146,-0.017130271282044716,3.8948927341461013,0.0066699823074864995,-4.077906595905092,4.137155537774563,-0.010461295409834636,-4.01573661213314,0.04359765191714053,2.418106091476954,37.45789773787841,15.490593183609874,In-Sample Training
146,2015-04-01,38.54136213497454,3.651732005770441,0.6801364233193272,-0.3854618784055705,0.02,-3.912023005428146,0.06788812048366519,3.979911125911811,0.004449740461435869,-4.037193884176012,3.827091827254016,0.014598813482984923,-4.09947121571065,0.04423879447917698,2.6679704279222634,35.87339170705228,13.445948025364515,In-Sample Training
147,2015-05-01,40.53029711956174,3.7020497714685585,0.6831695972951675,-0.38101213794413463,0.02,-3.912023005428146,0.010353449628742416,3.9223764550568885,0.00808251992861414,-4.083061909412693,3.883415751275468,-0.006954828855766256,-4.052861125582563,0.04393218866613369,2.528820845241413,38.001476274320325,15.02735013665728,In-Sample Training
148,2015-06-01,40.26785125059052,3.69555341487482,0.6887137041754197,-0.3729296180155205,0.02,-3.912023005428146,-0.004050076102813729,4.601120109885277,-0.0062978587436300915,-4.068483032890341,3.8456007793741107,0.008576634014621443,-4.100517061810146,0.044310599395337824,2.6750971441619704,37.59275410642854,14.052855683566309,In-Sample Training
149,2015-07-01,39.43486074525706,3.6746502155962757,0.684389912158613,-0.3792274767591506,0.01,-4.605170185988091,0.06690792988591804,3.2857837547541187,0.025377274472546618,-4.053877692355426,4.288289969381547,0.002262535202855027,-4.087713447314914,0.044410967186343804,2.647046833059499,36.787813912197564,13.897681541840202,In-Sample Training
150,2015-08-01,41.42620799299955,3.7239137238530438,0.7019801144957978,-0.35385020228660397,0.04,-3.2188758248682006,-0.06064336673706007,4.544526819251031,0.0005630214210782802,-4.077763926139648,3.6494783446871257,-0.009666444341000467,-4.070481611514852,0.04398373925808323,2.5767948896820423,38.84941310331751,15.076641629055406,In-Sample Training
151,2015-09-01,38.338615616188704,3.6464576288849577,0.7023754556197472,-0.3532871808655257,0.01,-4.605170185988091,0.04491532725827557,4.650085513246366,0.005004011246197648,-3.9997448097504833,4.032022825769374,0.012566204987266788,-4.082560131221159,0.04453993525915428,2.641088282732589,35.697527333456115,13.516218888571888,In-Sample Training
152,2015-10-01,39.37488554868878,3.6731281904416053,0.7058989587710078,-0.34828316961932804,0.01,-4.605170185988091,0.13662574106531378,4.7417959270534045,-0.13417842794232554,-4.021411360060934,4.535952140168709,-0.016678891001455535,-4.014643347845845,0.043803219413949365,2.4268530724163475,36.94803247627243,15.224668067558099,In-Sample Training
153,2015-11-01,44.44262345435739,3.794198996655417,0.6172620693277304,-0.4824615975616536,0.01,-4.605170185988091,0.020034758047327537,1.6807659648689783,0.009955801851256607,-4.276660594217071,4.610700521442553,0.015802033894828624,-4.179410890402549,0.04450089721828666,2.9071259950792823,41.535497459278105,14.28747757392791,In-Sample Training
154,2015-12-01,44.714744576980834,3.8003033035371874,0.6234381008403355,-0.47250579571039697,0.19,-1.6607312068216509,-0.007335045692124372,1.9587778106807083,0.0017076441927266206,-4.272809099247584,2.6084297088330595,0.023376794596830796,-4.338718832710084,0.045553440160122194,3.48981839660043,41.22492618038041,11.812914454385144,In-Sample Training
155,2016-01-01,43.77655928024724,3.7790984978744135,0.6245036207983186,-0.47079815151767035,0.14,-1.9661128563728327,-0.02341419831655487,1.637317008505096,-0.10837142139650113,-4.249896649392084,1.8710439516370359,0.018635094919572374,-4.284053276520038,0.04641029180105172,3.366316898448097,40.410242381799144,12.00428943586049,In-Sample Training
156,2016-02-01,42.22299576060798,3.7429649958623696,0.5603635144432766,-0.5791695729141715,0.19,-1.6607312068216509,0.034924245871424606,1.272798601873042,-0.0016396858107310397,-4.322134568776541,1.7711611603385955,0.022902304392711997,-4.378831342071288,0.047485459343232665,3.7867177247240043,38.43627803588397,10.150288674787717,In-Sample Training
157,2016-03-01,43.151900963732544,3.764726471338487,0.5594454472163858,-0.5808092587249025,0.29,-1.2378743560016174,0.06140717042860269,1.670845082862703,-0.01352178517399405,-4.345535730063389,1.4219964063740502,0.011874876914721956,-4.344085441359076,0.048052704646534106,3.7010944913424266,39.45080647239012,10.659227038021633,In-Sample Training
158,2016-04-01,45.30531306339412,3.813424311779144,0.55193166045168,-0.5943310438988966,0.2,-1.6094379124341003,-0.025847121542139105,1.806734342206171,0.10037517611679553,-4.407755355678041,1.5545126538675138,0.0283636937228359,-4.369772489410793,0.049435170075240856,3.906646471878262,41.398666591515855,10.59698308754617,In-Sample Training
159,2016-05-01,43.56257014983028,3.7741982988455356,0.6102077123161758,-0.49395586778210104,0.16,-1.8325814637483102,0.03882634191134797,1.3481596618951102,-0.004109702395290016,-4.268154166627637,1.7479444550993346,0.024061726497817196,-4.324196815554573,0.050639091748662136,3.823496732026935,39.73907341780335,10.393384957004168,In-Sample Training
160,2016-06-01,44.66413732928012,3.7991708827230197,0.6077050862657555,-0.49806557017739106,0.27,-1.3093333199837622,-0.004655940754054646,1.422460414886091,0.0021011633045620592,-4.29723645290041,1.5368669301038025,0.012640557772510724,-4.29380576698299,0.05128326086463383,3.7562265937301467,40.907910735549976,10.890693017251149,In-Sample Training
161,2016-07-01,43.85866617430157,3.7809723315446826,0.6089833163077722,-0.495964406872829,0.24,-1.4271163556401458,0.09518021577916538,1.7046181282132657,0.03129192413195098,-4.276936738417511,1.4118759442082094,0.022536949457022323,-4.310781829121784,0.05245215126037645,3.907617681127572,39.951048493174,10.223888761207014,In-Sample Training
162,2016-08-01,47.55693900256472,3.8619277089978636,0.6283408639705875,-0.464672482740878,0.2,-1.6094379124341003,0.029303524672817025,1.3386368446565793,-0.005745513855757722,-4.326600191738741,1.6291568851616756,0.011934633110679662,-4.2570553747207756,0.053081898870023125,3.7476766137421964,43.809262388822525,11.689712561692275,In-Sample Training
163,2016-09-01,48.33616678920738,3.878180075259171,0.6247410740546212,-0.47041799659663575,0.27,-1.3093333199837622,0.029468736259617496,1.6389066486937178,-0.001704889292993006,-4.348598071855807,1.4555768789815253,0.03397046226524777,-4.3570495028513125,0.05491609334586895,4.2849148006794735,44.05125198852791,10.280543263437245,In-Sample Training
164,2016-10-01,49.14762096557797,3.8948284418729164,0.623676867121848,-0.47212288588962875,0.2,-1.6094379124341003,0.006721656367821089,1.433838012007967,0.03352797865285634,-4.366951327762545,1.5549884786908201,0.02615236250360288,-4.362383813437769,0.05637122353752762,4.421979036902287,44.725641928675685,10.11439483440138,In-Sample Training
165,2016-11-01,48.8382054693496,3.8885129055156513,0.6449419880514698,-0.4385949072367724,0.24,-1.4271163556401458,-0.004792847137027233,1.1346414360513375,-0.005609148437941303,-4.327107812752423,1.513764717863492,0.022725045893892137,-4.353417705833138,0.05766692890039794,4.48324125870073,44.35496421064887,9.893503751235375,In-Sample Training
166,2016-12-01,47.97469636841733,3.870673712919433,0.6413345395220581,-0.4442040556747137,0.32,-1.1394342831883648,0.04356645877433037,0.8645470108441606,0.00199824627766948,-4.314877768594147,1.2678585429757345,0.021066359443843222,-4.352418817352391,0.05889464752968464,4.574117349481396,43.40057901893593,9.488295927487869,In-Sample Training
167,2017-01-01,49.44862082995036,3.9009341674866653,0.6426173651523103,-0.44220580939704424,0.44,-0.8209805520698302,0.07762292150978874,0.7707701020697341,0.015221596285567407,-4.34313997688371,0.9980869761749853,0.016629268540882553,-4.331081969959542,0.05988221090971833,4.55263493613112,44.89598589381924,9.86153876242323,In-Sample Training
168,2017-02-01,52.7439143895602,3.9654483986783338,0.6524738526785707,-0.42698421311147683,0.5,-0.6931471805599453,0.06892486003536288,0.8454536495343592,0.007624076778874667,-4.39243261178981,0.835681869240312,0.02532655050048775,-4.344830117968483,0.06141818916226218,4.734049042623351,48.00986534693685,10.141395856839797,In-Sample Training
169,2017-03-01,55.81178434255744,4.021985036024742,0.6574673747373944,-0.41936013633260216,0.46,-0.7765287894989963,0.025901767395407907,0.3270068601793295,0.022892869894685308,-4.4413451723573445,0.8468034289218833,0.035934056634006784,-4.400347583177939,0.06366532643159437,5.187398880961325,50.62438546159611,9.75910791194342,In-Sample Training
170,2017-04-01,56.59417070367006,4.035905988803954,0.6726922959558818,-0.39646726643791685,0.74,-0.3011050927839216,0.06195603806887449,0.46243360466599975,0.1311142168367715,-4.43237325524187,0.5369957566475584,0.03529830796154552,-4.442128364526682,0.06595273811238789,5.6030521824793285,50.99111852119073,9.100596757003139,In-Sample Training
171,2017-05-01,59.406374809559146,4.084401540636465,0.7669351360294112,-0.26535304960114536,0.67,-0.40047756659712525,0.04542918414325581,0.24388012286709412,0.001790845989729839,-4.349754590237611,0.4634500148664351,0.018514089286760533,-4.313260102062456,0.06718516643527049,5.017627982927271,54.38874682663187,10.839533542879682,In-Sample Training
172,2017-06-01,61.373645860232216,4.116980522494213,0.7683098293067222,-0.2635622036114155,0.82,-0.19845093872383832,-0.017794362313977574,0.15655902483080023,0.04511197082344218,-4.380542726105628,0.37103608708695396,0.03315128132062429,-4.365930625571746,0.06944977065653767,5.467268401244713,55.90637745898751,10.225650792315136,In-Sample Training
173,2017-07-01,59.5118196733108,4.0861749427949015,0.8037634795168062,-0.21845023278797335,0.84,-0.1743533871447778,0.07482528650115365,0.07482528650115365,0.012600334156230492,-4.304625175582875,0.23870800907239906,0.025460883091378166,-4.350801960914128,0.07124072605208287,5.52405024868441,53.987769424626386,9.773222000919333,In-Sample Training
174,2017-08-01,63.270280401496315,4.147415714972843,0.8139552429096633,-0.20584989863174286,1.0,0.0,0.01406444258805499,0.054886437108310156,0.007079106098208998,-4.353265613604586,0.18294739996672682,0.014596353710489764,-4.30451489851829,0.07228820699188807,5.351734014486045,57.91854638701027,10.822388823928218,In-Sample Training
175,2017-09-01,63.34571368428839,4.148607243614408,0.8197377618172262,-0.19877079253353386,0.96,-0.040821994520255166,0.019397986609950946,0.060219981130206116,0.005561044845532381,-4.3473780361479415,0.11339640583267059,0.03220640904180842,-4.36115139465326,0.07465424686760595,5.848958015836457,57.49675566845193,9.830256177728666,In-Sample Training
176,2017-10-01,63.75682949619133,4.155076307652617,0.8243090590861338,-0.19320974768800148,0.96,-0.040821994520255166,0.0727179785770426,0.014449070453066773,0.010985033158464247,-4.348286055340619,0.13071883938472967,0.022762130769477897,-4.3540754584514225,0.07637302390145896,5.941429274276785,57.815400221914544,9.730890927579386,In-Sample Training
177,2017-11-01,67.68111727518193,4.214807223364752,0.8334140391281507,-0.18222471452953723,1.06,0.058268908123975824,0.0029141239047138084,-0.12811413850169018,0.00702625533841067,-4.3970319378942895,0.10021794524439281,0.022883782708112643,-4.350509059362665,0.07814087803344837,6.057317871319031,61.623799403862904,10.17344651758284,In-Sample Training
178,2017-12-01,67.04720656536207,4.205396946896524,0.8392904393382348,-0.17519845919112656,1.14,0.131028262406404,0.022961599247011168,-0.22389847868451465,0.00269347555320143,-4.380595406087651,-0.021852625582874714,0.035085465035571535,-4.406411253872715,0.08093114984238363,6.63431064854087,60.412895916821206,9.106130104128939,In-Sample Training
179,2018-01-01,67.75410172606215,4.215885000009311,0.8415540948004196,-0.17250498363792513,1.28,0.2468600779315258,0.09006003315779282,-0.25352967123228404,0.01102128305877581,-4.388389983647236,-0.1057946642422081,0.023849713174187367,-4.390630995016021,0.08288453580944556,6.688062497617083,61.066039228445064,9.130602360579395,In-Sample Training
180,2018-02-01,73.21972671727171,4.293464875334288,0.8508804002100835,-0.16148370057914932,1.41,0.34358970439007686,-0.007685214918182061,-0.41315032302634647,0.02352266280727247,-4.454948575913437,-0.16300799646585398,0.026621845269123975,-4.389730738151897,0.08512070855204687,6.86232159137001,66.3574051259017,9.66981862367863,In-Sample Training
181,2018-03-01,71.80487471117692,4.273952366662886,0.8711326323529405,-0.13796103777187685,1.5,0.4054651081081644,-0.008711343312625235,-0.49729135813129616,0.005002429454449425,-4.411913404434763,-0.29669040451538664,0.040528888802215654,-4.448058222401054,0.08864141962676089,7.575369900364628,64.22950481081229,8.478728518289346,In-Sample Training
182,2018-04-01,70.32462152563222,4.253121972571638,0.8755013298319321,-0.13295860831742742,1.63,0.4885800148186709,0.03703821917712781,-0.4817555742380397,-0.11290634726556525,-4.386080580889065,-0.3673864241736626,0.025016592667909555,-4.418286397763705,0.09088689589163841,7.539432771643975,62.78518875398825,8.32757458759035,In-Sample Training
183,2018-05-01,72.17554746468026,4.279101310759999,0.782027826286764,-0.24586495558299268,1.68,0.5187937934151675,0.06817376115056514,-0.48571135207587246,0.021459763967656892,-4.524966266342991,-0.37202002259215844,0.035258016282423595,-4.508328395078841,0.09414854938212938,8.545860071854003,63.62968739282626,7.445673912025798,In-Sample Training
184,2018-06-01,76.4216311302255,4.33626578607552,0.7989913241859236,-0.2244051916153358,1.74,0.5538851132264376,-0.006070726504424372,-0.5770502730901622,0.13768305731163272,-4.560670977690856,-0.40269457807159165,0.03561425208576221,-4.515573623323162,0.09756200255701133,8.920093636414535,67.50153749381097,7.56735750152321,In-Sample Training
185,2018-07-01,75.0585248272459,4.318268140266291,0.9169318441439069,-0.08672213430370306,1.77,0.5709795465857378,0.03772459359510621,-0.619795409321688,0.012700008578192715,-4.404990274569994,-0.4770619215834057,0.03389272383434695,-4.437576256667782,0.10092531858510417,8.535225709568126,66.52329911767778,7.793970702274937,In-Sample Training
186,2018-08-01,76.99159694131181,4.343696285266189,0.9286511465336129,-0.07402212572551034,1.93,0.6575200029167941,0.04091273768168384,-0.6269166348939716,0.00987206302174777,-4.417718410991699,-0.4928968768447352,0.02696286859119054,-4.402516610031991,0.10368357280937751,8.466396903242893,68.52520003806892,8.09378544630026,In-Sample Training
187,2018-09-01,79.24158581064529,4.372501234384329,0.9378642505252094,-0.06415006270376257,1.95,0.6678293725756554,0.008784999851009707,-0.747336979870324,0.002711651703391736,-4.436651297088091,-0.5331890526453907,0.031653787711518576,-4.419384845315907,0.10701804656096185,8.887333368874993,70.3542524417703,7.916238709820798,In-Sample Training
188,2018-10-01,79.00320800700608,4.369488459326173,0.9404108629201674,-0.061438411000370834,2.13,0.7561219797213337,-0.0544550581540595,-0.8474475736837209,0.004923208940486791,-4.430926870326544,-0.6131287691411702,0.034075389481514014,-4.447119677101624,0.11072757099359437,9.453993712323468,69.54921429468261,7.356596208015649,In-Sample Training
189,2018-11-01,73.9317361872737,4.303142183498233,0.9450521176470582,-0.05651520205988404,2.21,0.7929925155296614,-0.004593086432614857,-0.841840610966317,0.022266533495858713,-4.359657385558117,-0.7061706784797871,0.028459608632266382,-4.43739167187884,0.11392410462736326,9.632751153190632,64.29898503408307,6.675038523421782,In-Sample Training
190,2018-12-01,72.64344749919003,4.285563193232787,0.9663311785714279,-0.03424866856402533,2.31,0.8372475245337022,-0.07365155863442453,-0.965649597939535,0.0018231698431384058,-4.319811861796812,-0.7176922371010154,0.011765840388664265,-4.3447498571166285,0.11527243401840441,8.884364165230997,63.75908333395903,7.1765499644285775,In-Sample Training
191,2019-01-01,66.59789648777296,4.198672992779876,0.9680945714285709,-0.032425498720886924,2.44,0.8919980393051105,0.0955375004334614,-0.7840892470691022,0.020304170769179987,-4.231098491500763,-0.8113029971108706,0.018350121613794786,-4.328969148020958,0.11740722412730638,8.907221113622475,57.69067537415048,6.47684329806519,In-Sample Training
192,2019-02-01,72.20323630998364,4.2794848691322045,0.9879518394170163,-0.012121327951706938,2.41,0.8796267475025636,0.049156390662530705,-0.8428416486425797,-0.007505842818226969,-4.291606197083912,-0.7166118238833546,-0.0008472647818870282,-4.214755343004986,0.11730779125009992,7.939110482298009,64.26412582768563,8.094625458478832,In-Sample Training
193,2019-03-01,74.82499875660453,4.315152037121383,0.9805641881565121,-0.019627170769933908,2.44,0.8919980393051105,0.06673538342514339,-0.8170321567434516,0.011943691666086793,-4.334779207891317,-0.747586574814585,0.032095767776199755,-4.313135659411574,0.12113394814777291,9.04558979285875,65.77940896374578,7.271986732769692,In-Sample Training
194,2019-04-01,78.94191817037698,4.368712369032173,0.9923459633665962,-0.007683479103847116,2.42,0.883767540168595,0.06194195681685186,-0.8218255833517432,0.010153088084583383,-4.376395848136021,-0.7359722725568023,0.026051956088380724,-4.3338766545109575,0.1243311908288481,9.478918944901807,69.46299922547517,7.328156262253463,In-Sample Training
195,2019-05-01,82.93319602260567,4.418035416519567,1.0024726609768904,0.0024696089807362664,2.42,0.883767540168595,-0.05801713187706747,-0.912432460033135,-0.0006483354709515849,-4.41556580753883,-0.7336124176537926,0.03263813874821762,-4.378370750766434,0.12845607763735375,10.238985161933625,72.69421086067204,7.099747651840897,In-Sample Training
196,2019-06-01,77.32449483583453,4.348010785550563,1.001822933035714,0.0018212735097846815,2.35,0.8544153281560676,0.10671491859593202,-0.6680122489564362,-0.15943175231714024,-4.346189512040778,-0.7894130935307102,0.035980644675889684,-4.429275728545438,0.13316216647822002,11.168397429900779,66.15609740593375,5.923508526730633,In-Sample Training
197,2019-07-01,85.0925551702996,4.443739548442212,0.8541824393382349,-0.15761047880735557,2.17,0.7747271675523681,0.029069603234510622,-0.7176183442534645,0.013752082772312879,-4.601350027249568,-0.6038819222008351,0.03015821764362416,-4.508689226380346,0.13723927015483886,12.46169883737109,72.63085633292852,5.828327042787905,In-Sample Training
198,2019-08-01,86.7198940559345,4.462683316010867,0.8660103698792012,-0.1438583960350427,2.11,0.7466879474879751,0.015847065576702346,-0.726090279152675,0.009185693450447258,-4.60654171204591,-0.6344100142253563,0.05165734587479108,-4.602489686410542,0.14451499095868384,14.41281372986368,72.30708032607082,5.016860807425055,In-Sample Training
199,2019-09-01,87.22599398789283,4.468502382684524,0.8740019234506299,-0.13467270258459543,2.1,0.7419373447293773,0.00827272580189342,-0.5739428940507703,0.01389259617794121,-4.603175085269119,-0.6170792452402424,0.045579344599200156,-4.608192052611971,0.15125430970606413,15.171207135526322,72.05478685236652,4.749443218900905,In-Sample Training
200,2019-10-01,87.0659806968785,4.466666230030218,0.8862288142069323,-0.12078010640665422,1.79,0.5822156198526637,0.06824801427771883,-0.38917683276115667,0.022731510129455193,-4.587446336436872,-0.517603601894261,0.04309207187711858,-4.597392728365307,0.157914644490055,15.669123371413507,71.39685732546499,4.556531698239115,In-Sample Training
201,2019-11-01,92.25488508110789,4.524555236327338,0.9066048450630247,-0.09804859627719903,1.58,0.4574248470388755,0.03579129232602482,-0.446634856918268,0.009397627036414752,-4.622603832604536,-0.34856041215205025,0.03993672452463092,-4.572513768758467,0.1643488638065104,15.906850676780651,76.34803440432724,4.799695172582027,In-Sample Training
202,2019-12-01,94.6774116743262,4.5504754466540875,0.9151649385504197,-0.08865096924078428,1.62,0.4824261492442928,0.05296010367173968,-0.339081984104284,0.0031049769884187034,-4.6391264158948715,-0.34412802249494645,0.05277794336282108,-4.627041486812517,0.17325583725880958,17.708691035502163,76.96872063882404,4.346381134806525,In-Sample Training
203,2020-01-01,98.86804268653152,4.593786058874117,0.9180109206932767,-0.08554599225236557,1.48,0.3920420877760237,0.02456608649482635,-0.4201197347666194,0.005917629037493322,-4.679332051126482,-0.28091384114761353,0.04997645508780216,-4.646170202031983,0.1821345655957749,18.975728370301457,79.89231431623007,4.210237033181186,In-Sample Training
204,2020-02-01,100.3892543598884,4.609055173241729,0.9234594741334029,-0.07962836321487225,1.56,0.44468582126144574,-0.05328859414861836,-0.4248521505811014,0.016513363264020947,-4.688683536456601,-0.3042812381575393,0.054824762240163596,-4.687109746394975,0.19239884739091156,20.88278248547822,79.50647187441018,3.807273859683142,In-Sample Training
205,2020-03-01,94.2978213260404,4.546458085725015,0.9388355014443273,-0.0631149999508513,1.45,0.371563556432483,-0.13425983590509766,3.372298061414884,-0.003680101905548752,-4.6095730856758665,-0.3239462917423827,0.05044655330547893,-4.683538142086924,0.20235368877406784,21.88496702566207,72.41285430037834,3.3087943068622323,In-Sample Training
206,2020-04-01,81.64067690863328,4.402327629291804,0.9353868407300415,-0.06679510185640006,0.03,-3.506557897319982,0.16707538110242706,2.4696604740964725,-0.007793728821117715,-4.469122731148204,2.1628088926116553,0.04400848705528117,-4.568833941901981,0.21145782886215622,20.3912166304433,61.249460278189986,3.0037177961587096,In-Sample Training
207,2020-05-01,95.40192257932252,4.558098731074263,0.9281250244222684,-0.07458883067751777,0.1,-2.3025850929940455,0.10996304329840567,2.230226579498497,0.01583952107103203,-4.632687561751781,2.7980312414064983,0.009020657028342588,-4.504625157574997,0.21337394674016322,19.2963531771313,76.10556940219121,3.944038995533428,In-Sample Training
208,2020-06-01,105.44889204642352,4.658226399960373,0.9429431263130247,-0.05874930960648574,0.12,-2.120263536200091,0.07411733047444836,2.1943808666745395,0.012561663575633507,-4.716975709566859,2.259203711719164,0.0661302756147735,-4.644492266320477,0.22796144653822176,23.710393773895735,81.73849827252779,3.447369919369237,In-Sample Training
209,2020-07-01,112.5423127753394,4.723329264490073,0.9548627691701675,-0.046187646030852236,0.12,-2.120263536200091,0.05398101498123721,2.4619266236331097,-0.006954041646120422,-4.769516910520926,2.1853367321169435,0.06581382529769332,-4.726306540737752,0.2434691756549305,27.482284788359756,85.06002798697963,3.095085748584019,In-Sample Training
210,2020-08-01,117.79194569775537,4.768919896195379,0.9482456482405457,-0.05314168767697266,0.09,-2.4079456086518722,0.13474010574371453,2.5426857143955868,0.014400384514825275,-4.822061583872351,2.3640970233932017,0.06738748713518912,-4.792582436426821,0.2604413867399197,31.41247133716437,86.37947436059099,2.74984649992803,In-Sample Training
211,2020-09-01,133.69034033437734,4.895526232689878,0.9619995431985289,-0.038741303162147384,0.09,-2.4079456086518722,-0.06729974973233115,2.340645858919541,0.0023571175962939644,-4.934267535852026,2.5064206788201817,0.06527822450379825,-4.826371556764074,0.2780097145383057,34.68378668467443,99.00655364970291,2.854548569042217,In-Sample Training
212,2020-10-01,124.09403926346984,4.821039659336372,0.9642697637867642,-0.03638418556585342,0.09,-2.4079456086518722,-0.021515338630913115,2.5042133056773426,0.01469034337105534,-4.857423844902225,2.3812408945544585,0.0874718559040527,-4.957662884019041,0.303423012686275,43.165238993006106,80.92880027046374,1.8748604701013312,In-Sample Training
213,2020-11-01,120.5024131557771,4.79166977891921,0.9785397767857138,-0.02169384219479808,0.08,-2.5257286443082556,0.13542363920344652,2.7946836761362244,0.1559013559221898,-4.813363621114008,2.486646105538361,0.05034374526416132,-4.855288788718661,0.3190895098705011,40.97676375509636,79.52564940068075,1.9407498814688604,In-Sample Training
214,2020-12-01,136.68071437633336,4.917647653867419,1.1436301139705878,0.1342075137273917,0.07,-2.659260036932778,0.03794516175001374,2.5636738060582696,0.000743705484534507,-4.783440140140028,2.693298311498612,0.039098064255401514,-4.67098381150668,0.33181239134543195,35.43848070820489,101.24223366812846,2.8568446402017558,In-Sample Training
215,2021-01-01,140.7878697647267,4.947254287773468,1.1444809543067223,0.1349512192119262,0.08,-2.5257286443082556,0.03173226279873119,2.8451429795587675,0.009575088539091725,-4.812303068561542,2.6080170740383957,0.07932322941643419,-4.809341921781616,0.3592048908554156,44.056794915828256,96.73107484889846,2.1955994536984793,In-Sample Training
216,2021-02-01,144.143988548958,4.970812720467397,1.1554920929621844,0.14452630775101794,0.06,-2.8134107167600364,0.026669889046342675,3.5332277863663246,0.0050695528840250526,-4.82628641271638,2.740797657808472,0.06328907885944049,-4.818276868007936,0.3826734563626561,47.35647794939549,96.7875105995625,2.043807199998876,In-Sample Training
217,2021-03-01,146.85679329944256,4.989457916700251,1.1613647946428567,0.149595860635043,0.03,-3.506557897319982,0.03659409417462384,3.9486170996027696,-0.012274064626461412,-4.839862056065208,3.279774023984636,0.06512793585855463,-4.831569311314112,0.4084256812975633,51.21968851067273,95.63710478876982,1.8671941897663387,In-Sample Training
218,2021-04-01,151.14969312944334,5.018270690984857,1.1471972526260499,0.13732179600858158,0.02,-3.912023005428146,0.05461947113425074,4.659789657122341,0.0319835717397885,-4.880948894976275,3.770656450799945,0.06648074361033002,-4.867799630987143,0.43650101938199304,56.76018221941964,94.38951091002369,1.6629529226164066,In-Sample Training
219,2021-05-01,158.393782431338,5.065084226282521,1.1844817862394952,0.16930536774837007,0.01,-4.605170185988091,-0.0015857349625438078,4.603584451025547,0.004265906714239431,-4.895778858534151,4.355191555856968,0.06667895184014044,-4.862155645355688,0.4665987415272207,60.33244561009028,98.06133682124772,1.6253499394834323,In-Sample Training
220,2021-06-01,156.96400316047067,5.056016499827136,1.1895454679621842,0.1735712744626095,0.01,-4.605170185988091,0.06438265893096043,3.0601149324849515,0.00307928290043738,-4.882445225364526,4.544176367879861,0.07279515507568168,-4.917677847801175,0.5018317065393453,68.59278720129828,88.37121595917239,1.2883456054910063,In-Sample Training
221,2021-07-01,166.13921385652878,5.112826074586373,1.193214060399159,0.17665055736304688,0.05,-2.995732273553991,0.051401177711918704,3.0471334512659096,0.01250453959343828,-4.936175517223326,3.5424699444103616,0.059180386349676026,-4.923938129442902,0.5324266831593063,73.23167561560841,92.90753824092037,1.2686796725585001,In-Sample Training
222,2021-08-01,173.6394778870735,5.156981183556758,1.208228330488445,0.18915509695648516,0.05,-2.995732273553991,0.06663082733387274,3.2855066522020735,0.004778354332452606,-4.967826086600273,3.025002806129812,0.07609509374865901,-4.945512649766195,0.5745230955688662,80.74513143262337,92.89434645445013,1.150463746931473,In-Sample Training
223,2021-09-01,184.3147237967042,5.216644751862922,1.2140154891018902,0.19393345128893777,0.04,-3.2188758248682006,-0.0475449986227246,2.478183645685531,0.0025017507025056063,-5.022711300573984,3.1828425397893008,0.0783433121626426,-4.980794176226397,0.6213432146189604,90.46133366181269,93.8533901348915,1.037497307808438,In-Sample Training
224,2021-10-01,174.60360940514488,5.1625183156153405,1.2170564554884449,0.19643520199144338,0.08,-2.5257286443082556,0.06603493553698296,3.061767209090974,0.0199163821585161,-4.966083113623897,2.73172053927597,0.08251198991041153,-5.053631456720439,0.674785997401703,105.6647955640215,68.93881384112338,0.652429349559039,In-Sample Training
225,2021-11-01,185.20582954022055,5.22146779871572,1.2415388076418061,0.21635158414995947,0.05,-2.995732273553991,0.003989018673969261,2.4119346273258415,-0.13131833361435205,-5.00511621456576,2.889200654005412,0.062360065496849186,-4.953933778947183,0.7182054464350096,101.79226970978814,83.4135598304324,0.8194488645183586,In-Sample Training
226,2021-12-01,184.85937792363288,5.219595416709434,1.0887532677258398,0.08503325053560742,0.09,-2.4079456086518722,0.05894757584500174,2.872358292605038,0.0016933427894436776,-5.1345621661738265,2.6341970408552395,0.09623285406748039,-5.166538754110064,0.7907552641166967,138.6249374440693,46.234440479563574,0.3335218131169053,In-Sample Training
227,2022-01-01,194.93393687089943,5.272660715885611,1.090598462053571,0.0867265933250511,0.06,-2.8134107167600364,-0.06217119624223113,3.1567046286259695,0.01735330538451113,-5.18593412256056,2.728865661323609,0.08164041372882336,-5.144216336480213,0.8580213074274143,147.09667012054092,47.83726675035851,0.32520971896343687,Out-Sample Testing
228,2022-02-01,182.1468116843901,5.2048130195099445,1.10968911410189,0.10407989870956223,0.04,-3.2188758248682006,-0.08629370900629695,2.120981204183424,0.004851949434449249,-5.100733120800382,2.77655192209882,0.07775916817774753,-5.0840202182535545,0.9274029020538154,149.70295645968443,32.44385522470566,0.21672153972084662,Out-Sample Testing
229,2022-03-01,166.07110889293563,5.112416063458581,1.1150863525472683,0.10893184814401148,0.11,-2.2072749131897207,0.07495103568765725,1.9720710205735386,-0.001933573125382157,-5.00348421531457,2.761494230968013,0.07753743690664971,-5.024950609038299,1.00217261583025,152.49333164168613,13.5777772512495,0.08903849830727828,Out-Sample Testing
230,2022-04-01,177.80508348721415,5.180687913712788,1.1129323346901256,0.10699827501862932,0.15,-1.8971199848858813,-0.11372597416166651,0.8805262991822004,0.05272949618896955,-5.073689638694159,2.764717486996634,0.07226118492742306,-4.9670648757061935,1.077271487610475,154.70132457305237,23.103758914161773,0.14934428633965458,Out-Sample Testing
231,2022-05-01,157.65126717341047,5.0603854238490955,1.1731914510241592,0.15972777120759887,0.37,-0.9942522733438669,-0.01742327618471605,0.24394148794969145,0.005821282800140409,-4.900657652641496,2.7595792623622675,0.06847814195060575,-4.914245021194341,1.1536254930453311,157.14274674290044,0.5085204305100319,0.003236041376710963,Out-Sample Testing
232,2022-06-01,153.77721333904427,5.035504888351565,1.1800408470325625,0.16554905400773928,0.77,-0.2613647641344075,-0.08610788480837166,-0.32512478527887156,0.0030408174507869645,-4.869955834343826,2.7549328911020248,0.06455717059462784,-4.865380661553081,1.2305568082507106,159.6282090991595,-5.850995760115239,-0.03665389590683599,Out-Sample Testing
233,2022-07-01,140.01217748237258,4.941729400843535,1.1836345970325626,0.16858987145852625,1.27,0.23901690047049992,0.11125611101679198,-0.6862510848673962,0.0404408898338352,-4.773139529385008,2.7481330715901624,0.06107965892987133,-4.820471742033145,1.3080616899796984,162.23049904080509,-22.218321558432507,-0.1369552685210198,Out-Sample Testing
234,2022-08-01,155.1234646414508,5.044221345918664,1.232482910714285,0.20903076129236145,2.22,0.7975071958841882,-0.04268267448411809,-0.9709019772235469,0.001264515915476605,-4.835190584626302,2.740266120647634,0.057833550861075333,-4.779105014329801,1.3859418801530325,164.9240361147876,-9.800571473336817,-0.05942476126715446,Out-Sample Testing
235,2022-09-01,147.46854817416485,4.99361492032502,1.2340423907563018,0.21029527720783806,2.53,0.9282193027394288,-0.11139810312241846,-1.1374396989556927,0.0027806271786641468,-4.783319643117181,2.7311860876453973,0.054859007301443774,-4.741025526345731,1.4640974443587285,167.71472993826075,-20.246181764095894,-0.12071797016009822,Out-Sample Testing
236,2022-10-01,130.82497423035755,4.873860355280286,1.2374785777310917,0.2130759043865022,2.79,1.0260415958332743,0.03887939328901829,-1.274844274996037,0.011753054087099674,-4.660784450893783,2.7211294070468908,0.05211503602704204,-4.705956907933441,1.5424221564749314,170.59817161816835,-39.7731973878108,-0.23313964628431594,Out-Sample Testing
237,2022-11-01,134.7221340977845,4.903214391355667,1.2521085353203776,0.22482895847360188,3.72,1.3137236682850553,0.10343346181030538,-1.2928112301627532,0.002693152291786294,-4.678385432882065,2.7101911720171055,0.04958919811097917,-4.673658886384634,1.620837851477327,173.5736654844555,-38.851531386670985,-0.22383309863413792,Out-Sample Testing
238,2022-12-01,148.02363194487677,4.997371936320592,1.2554851991859237,0.22752211076538817,4.04,1.3962446919730587,-0.06888465661840339,-1.4847378199798384,0.0004451111355303905,-4.7698498255552035,2.6984968293065372,0.04726183769892234,-4.643906324943743,1.6992807027864165,176.6395773664055,-28.61594542152872,-0.16200189022288214,Out-Sample Testing
239,2023-01-01,137.00777125133183,4.92003764868163,1.2560441540178564,0.22796722190091856,4.12,1.415853163361435,0.13250244158367197,-1.3913775824887817,0.034268090328866185,-4.692070426780711,2.686147668556784,0.04511757597049393,-4.616493877014327,1.777703959901087,179.79485356163863,-42.7870823103068,-0.2379772360705431,Out-Sample Testing
240,2023-02-01,154.94923119384703,5.043097522581222,1.299832372899159,0.26223531222978474,4.59,1.5238800240724537,-0.009830024188645552,-1.5509890958694514,0.00812707652924849,-4.7808622103514375,2.6732397509969403,0.04314141625413481,-4.59123245514826,1.8560749901807077,183.03849627707908,-28.08926508323205,-0.1534609694384247,Out-Sample Testing
241,2023-03-01,152.1467998731537,5.02484584341166,1.3104392531512596,0.27036238875903323,4.67,1.541159071680806,0.1216770026632559,-1.4343601330437292,-0.010195778963183855,-4.754483454652626,2.6598588631970603,0.04131986641493557,-4.567948526273062,1.9343742789890983,186.3697177121717,-34.22291783901801,-0.1836291767736199,Out-Sample Testing
242,2023-04-01,170.38036202207334,5.13803336140451,1.297146185924369,0.2601666097958494,4.74,1.556037135706985,0.036631473493576344,-1.4652212282605865,-0.0015177851114752672,-4.877866751608661,2.6460831735361943,0.03964044085974572,-4.546482638611419,2.0125938142784925,189.78787168357596,-19.407509661502615,-0.10225895621960401,Out-Sample Testing
243,2023-05-01,175.40400110748635,5.167091891009073,1.2951788900997891,0.2586488246843741,4.49,1.501852701754163,0.0825529745423193,-1.5851538460157568,0.013271327982202485,-4.908443066324699,2.631983300562288,0.038091700315197485,-4.526688337600393,2.0907357663277284,193.29246081222252,-17.888459704736164,-0.09254608084334048,Out-Sample Testing
244,2023-06-01,189.0837611273056,5.2421900974518945,1.3124821989233186,0.2719201526665766,5.3,1.667706820558076,0.043278790177013124,-1.6130427081559378,-0.009860008150086197,-4.970269944785318,2.6176231455784906,0.03666312672638394,-4.508431083081616,2.1688111755383686,196.88312038668607,-7.799359259380481,-0.03961415912172783,Out-Sample Testing
245,2023-07-01,196.09892099569825,5.278619230870479,1.2996047041754193,0.2620601445164904,5.24,1.6563214983329508,0.043338798525217825,-1.6595894569962215,0.027341032673422805,-5.016559086353989,2.603060405988339,0.03534506093056655,-4.49158728340176,2.2468387605791293,200.55961142310287,-4.460690427404614,-0.022241219933330947,Out-Sample Testing
246,2023-08-01,203.3991147114449,5.315170131153881,1.3356274443277303,0.2894011771899132,5.49,1.7029282555214393,-0.0006552882359780899,-1.707219911400801,0.0006456733867984399,-5.025768953963968,2.588347127430885,0.03412862834093955,-4.476043399231408,2.324843817066647,204.3218119739663,-0.9226972625214103,-0.004515901917701126,Out-Sample Testing
247,2023-09-01,201.9389774583969,5.307965559972174,1.3364901018907558,0.29004685057671165,5.51,1.706564623164823,-0.04055342809105743,-1.7543513558494004,-0.009701868887460718,-5.017918709395462,2.5735301836534825,0.0330056762588703,-4.461695123636947,2.402857219981947,208.16971015345155,-6.230732695054655,-0.029931024501411385,Out-Sample Testing
248,2023-10-01,192.65078210755556,5.26087913079689,1.3235863466386548,0.2803449816892509,5.55,1.713797927758343,0.021954020325177195,-1.6936440879373138,0.03905929465321356,-4.980534149107639,2.5586517251235,0.031968714504226003,-4.448446628192905,2.4809145245251294,212.10339759626248,-19.452615488706925,-0.09171288960554447,Out-Sample Testing
249,2023-11-01,195.53013188298007,5.275714494827702,1.3763076210609237,0.3194042763424645,5.56,1.715598108262491,0.09782402865328914,-1.6159738991050538,0.1633769888335943,-4.956310218485237,2.543749587549184,0.031010861485033958,-4.436209871028115,2.5590551634176073,216.1230636584645,-20.59293177548443,-0.09528336044702324,Out-Sample Testing
250,2023-12-01,213.85208201784044,5.365284570505068,1.6205753899684867,0.4827812651760588,5.55,1.713797927758343,0.05724440062940574,-1.6655221971116978,0.0012226868527093204,-4.882503305329009,2.528857667310526,0.030125794483942592,-4.424903961321373,2.6373217354415845,220.22899015755655,-6.376908139716107,-0.028955807022290392,Out-Sample Testing
251,2024-01-01,224.74587478106764,5.414970318482802,1.6225580580357137,0.4840039520287681,5.6,1.7227665977411035,0.06293631760947765,-1.6399919379119616,0.03810503910165819,-4.930966366454034,2.5140062653164614,0.029307704069562623,-4.414454575767807,2.715759379667178,224.42154663177087,0.32432814929677534,0.0014451738443319595,Out-Sample Testing
252,2024-02-01,237.56343647662328,5.47043468876379,1.6855787744222683,0.5221089911304263,5.49,1.7029282555214393,0.06830474920676138,-1.643689751552431,0.03101789815863465,-4.948325697633364,2.4992224022769784,0.028551252213228406,-4.404793422722295,2.794415229052377,228.70118604954658,8.862250427076702,0.0387503474737414,Out-Sample Testing
253,2024-03-01,252.50909867832635,5.531447282435802,1.738681190388655,0.553126889289061,5.54,1.7119945007591924,0.019373579458569816,-1.6835546760628695,0.027477028762155298,-4.978320393146741,2.4845301076149,0.02785153383494876,-4.395857750136274,2.873337936905669,233.06844092619235,19.440657752134,0.08341179816056887,Out-Sample Testing
254,2024-04-01,255.6395263186022,5.5437683518567304,1.7871173773634448,0.5806039180512163,5.49,1.7029282555214393,-0.04578661712131715,-1.745065233555207,-0.011682245608669817,-4.963164433805514,2.4699506842285266,0.02720404148948663,-4.387589893702695,2.952577269641636,237.52391980453245,18.115606514069754,0.07626855656886167,Out-Sample Testing
255,2024-05-01,242.5228464826315,5.491095918239349,1.7663613080357137,0.5689216724425464,5.47,1.6992786164338898,0.09918968510328222,-1.601915415856642,0.06006826736445503,-4.9221742457968025,2.4555029510802773,0.026604632938664885,-4.3799368619233086,3.0321837593994587,242.0683040636395,0.45454241899201975,0.0018777444686541855,Out-Sample Testing
256,2024-06-01,265.7566871094603,5.582581180064305,1.8757150370273104,0.6289899398070015,5.48,1.7011051009599243,0.08574600322919236,-1.615359097730732,0.024343491420816377,-4.953591240257303,2.4412034654424226,0.026049501373010098,-4.372849955079096,3.1122084103442207,246.70234502354648,19.054342085913817,0.0772361611888821,Out-Sample Testing
257,2024-07-01,287.470793402245,5.6611212669108735,1.9219368069852936,0.6533334312278178,5.48,1.7011051009599243,-0.05270618676314073,-1.7665041145214837,-0.016872705056634518,-5.007787835683056,2.4270667264751262,0.025535148066429203,-4.366284415332229,3.192702452806492,251.4268613179391,36.04393208430591,0.14335752311972327,Out-Sample Testing
258,2024-08-01,270.9306206648089,5.601862775795977,1.889780578256302,0.6364607261711833,5.55,1.713797927758343,0.04843972452868271,-1.6398093683297075,0.0701554027768373,-4.965402049624794,2.4131053616765525,0.025058357264919673,-4.360199105414348,3.273717139801999,256.24273651009247,14.687884154716414,0.057320197070787726,Out-Sample Testing
259,2024-09-01,282.2655483173723,5.642848288553713,2.0271201265756296,0.7066161289480206,5.41,1.6882490928583902,0.01814217708113454,-1.5832635636557015,0.013525013604027358,-4.936232159605693,2.3993302976179463,0.024616173126696506,-4.354556213564153,3.3553035808881035,261.15091693023385,21.114631387138445,0.08085221999346537,Out-Sample Testing
260,2024-10-01,285.3559746729726,5.653737434814939,2.054723199054621,0.720141142552048,4.96,1.601405740736836,0.016039849672911867,-1.542104768373638,-0.010893572548148711,-4.933596292262891,2.385750916260928,0.024205878546027404,-4.3493209825683765,3.4375126087390906,266.1524097150167,19.203564957955905,0.07215251208327644,Out-Sample Testing
261,2024-11-01,287.91922810273013,5.662679982823621,2.0324613982405455,0.7092475700038993,4.75,1.55814461804655,0.037759698164811485,-1.5224879700785172,-0.05416923412541297,-4.953432412819722,2.3723751980477785,0.023824975706783214,-4.3444614609356815,3.5203946742445225,271.2482810319678,16.670947070762338,0.0614601021888046,Out-Sample Testing
262,2024-12-01,297.01273527265596,5.693775017589304,1.9252933310136549,0.6550783358784863,4.76,1.5602476682433286,0.019809320037368006,-1.4617952208868477,0.001489713619940658,-5.038696681710817,2.3592098528578407,0.0234711682243004,-4.339948274394149,3.6039997663446903,276.43965447366577,20.57308079899019,0.07442159786431812,Out-Sample Testing
263,2025-01-01,301.0009629708879,5.707113463982588,1.9281636041228984,0.656568049498427,4.4,1.4816045409242156,0.02360068581558255,-1.4511623232919162,-0.011914422643426681,-5.050545414484161,2.3462604398334435,0.023142344745722854,-4.335754416050974,3.6883773532077564,281.7277096080635,19.27325336282439,0.06841092553386785,Out-Sample Testing
264,2025-02-01,306.25072532341255,5.724404130259112,1.9053269608718482,0.6446536268550003,4.37,1.4747630091074988,-0.008058409575631812,-1.4851071339639865,0.044467084792199074,-5.079750503404112,2.3335314769964532,0.022836563889592987,-4.331855053688838,3.7735763417201835,287.1136806728107,19.137044650601865,0.0666531967607984,Out-Sample Testing
265,2025-03-01,301.8295422279033,5.709862428315528,1.9919632528886548,0.6891207116471993,4.38,1.4770487243883548,-0.07208214792278483,-1.5491308723111397,-0.0030218723935540037,-5.020741716668329,2.321026541500905,0.02255204041522918,-4.32822735279815,3.859645052603082,292.59885540269534,9.230686825207954,0.03154724174332135,Out-Sample Testing
266,2025-04-01,279.0028831229991,5.631222115542163,1.9859528799894952,0.6860988392536453,4.38,1.4770487243883548,0.04316637538030826,-1.4338823490080466,0.013348846527944436,-4.945123276288517,2.308748361297789,0.022287132521354502,-4.324850314058903,3.9466312087808095,298.18457398043705,-19.181690857437957,-0.06432824676804516,Out-Sample Testing
267,2025-05-01,289.2237741220899,5.667200693413758,2.0126407903098733,0.6994476857815898,4.38,1.4770487243883548,0.09014824611968744,-1.3754192958947111,0.010584257227805538,-4.967753007632168,2.2966988989243244,0.02204033018168816,-4.321704624091066,4.034581934914579,303.8722281020379,-14.648453979948044,-0.04820596495915774,Out-Sample Testing
268,2025-06-01,314.29773682531186,5.7503407430945295,2.034056231486344,0.7100319430093953,4.33,1.4655675420143985,0.06557207916270462,-1.3976833230933143,-0.005936688506273935,-5.040308800085134,2.2848794280715308,0.021810244432731052,-4.318772518388992,4.123543766273337,309.6632601487601,4.634476676551742,0.0149661818916631,Out-Sample Testing
269,2025-07-01,333.4523531135891,5.809499985924278,2.0220164468224784,0.7040952545031214,4.32,1.463255402256019,0.027815455267780537,-1.4740372464863825,0.018343873480237693,-5.105404731421157,2.273290603530206,0.02159559753592899,-4.316037655444006,4.213562665348036,315.55916245855906,17.893190655030025,0.05670312506733133,Out-Sample Testing
270,2025-08-01,340.7531413989407,5.8311582896066065,2.0594503524159657,0.7224391279833591,4.49,1.501852701754163,0.029444716965458636,-1.454429972493296,0.007475444428120426,-5.108719161623247,2.2619325250660856,0.02139521394274768,-4.31348500114076,4.304684044824897,321.5614766904738,19.19166470846693,0.05968272352145054,Out-Sample Testing
271,2025-09-01,348.81172335047677,5.854532301993159,2.074903346113445,0.7299145724114795,4.41,1.4838746894587547,0.05561398559311673,-1.3723020502175933,0.012659629555299756,-5.124617729581679,2.2508047957296853,0.02120801199703881,-4.311100722587705,4.39695279572008,327.6717932760769,21.139930074399842,0.06451556254824964,Out-Sample Testing
272,2025-10-01,366.5518870333663,5.904140085749009,2.101337826155462,0.7425742019667793,4.17,1.4279160358107101,0.02832219806532941,-1.3728607755483118,-0.09078273464097053,-5.161565883782229,2.239906575064748,0.021032996314446772,-4.308872090610679,4.490413319644062,333.89175095261896,32.66013608074735,0.09781654080271673,Out-Sample Testing
