Date,NDX_actual,NDX_fair_PVM,NDX_mispricing,NDX_mispricing_pct,P_t,P_t_PVM,sample
2003-01-01,983.0499877929688,1673.745774082735,-690.6957862897661,-0.4126646931600404,4.859929881528207,5.023029986049367,train
2003-02-01,1009.739990234375,1749.8176709450497,-740.0776807106747,-0.4229455977038854,4.604349004355173,6.129346856594685,train
2003-03-01,1018.6599731445312,1635.210097699621,-616.5501245550897,-0.37704642689183454,4.652612492365825,4.462603985660866,train
2003-04-01,1106.06005859375,1629.6819227440374,-523.6218641502874,-0.32130310635625114,4.721962757412532,4.382207499324294,train
2003-05-01,1197.8900146484375,1642.0933714461441,-444.20335679770665,-0.270510413428263,5.108139976538217,4.562707732043621,train
2003-06-01,1201.68994140625,1672.4126729317015,-470.72273152545154,-0.2814632651044704,5.3332996587582056,5.003642638627217,train
2003-07-01,1276.93994140625,1683.04891916119,-406.10897775494004,-0.24129362678141264,5.4674695825493815,5.158326025374558,train
2003-08-01,1341.199951171875,1691.112112056409,-349.91216088453393,-0.20691245624102195,5.739130961473937,5.275589386725825,train
2003-09-01,1303.699951171875,1710.4577707772755,-406.7578196054005,-0.23780640864378633,5.9056216161815485,5.556934134227569,train
2003-10-01,1416.3900146484375,1914.4986259824188,-498.10861133398134,-0.26017705344571795,5.963950645223557,8.524309074312317,train
2003-11-01,1424.25,1746.8983319581307,-322.6483319581307,-0.18469783046645205,6.0243586397009805,6.086890784046438,train
2003-12-01,1467.9200439453125,1693.579577579029,-225.6595336337166,-0.13324412777597183,6.028666238777902,5.311473844032104,train
2004-01-01,1493.0799560546875,1691.5770103441205,-198.49705428943298,-0.11734437928371488,6.232481236831762,5.282350422535327,train
2004-02-01,1470.3800048828125,1639.6335656371018,-169.2535607542893,-0.10322645516745299,6.297127944879046,4.52693467028161,train
2004-03-01,1438.4100341796875,1705.327122930852,-266.91708875116456,-0.1565195821740223,6.261209416653209,5.48231890175087,train
2004-04-01,1401.3599853515625,1698.071726892938,-296.71174154137543,-0.174734516123348,6.102398970723934,5.3768033648665945,train
2004-05-01,1466.219970703125,1701.043788392974,-234.82381768984897,-0.13804689761202082,5.954580561218767,5.42002618319252,train
2004-06-01,1516.6400146484375,1685.0745137296221,-168.43449908118464,-0.09995670678585244,6.094438531185586,5.187784334373967,train
2004-07-01,1400.3900146484375,1693.7219231501804,-293.3319085017429,-0.17318776151646553,6.346189788343118,5.313543981800552,train
2004-08-01,1368.6800537109375,1777.5525577381607,-408.87250402722316,-0.23001992388202086,6.161230268553604,6.532696509061199,train
2004-09-01,1412.739990234375,1704.0835923407317,-291.3436021063567,-0.17096790522239969,6.372389829563009,5.4642341828515955,train
2004-10-01,1486.719970703125,1595.3304614453,-108.61049074217499,-0.06808024629817366,6.703946973926958,3.88263271901532,train
2004-11-01,1571.5,4958.170229600875,-3386.6702296008752,-0.683048397447519,7.014507581495501,52.78855621905422,train
2004-12-01,1621.1199951171875,1901.8930835094193,-280.7730883922318,-0.14762821886609023,7.372796208476412,8.340986127528227,train
2005-01-01,1519.6300048828125,1927.1148276437161,-407.4848227609036,-0.21144812800757462,7.391238035638072,8.70778703813064,train
2005-02-01,1511.02001953125,1945.1974428360888,-434.17742330483884,-0.22320480879915727,7.280669158336337,8.970763289230424,train
2005-03-01,1482.530029296875,1920.0371780458458,-437.50714874897085,-0.22786389438263488,7.321069883890919,8.604856475374934,train
2005-04-01,1420.7900390625,1922.0896943945822,-501.29965533208224,-0.26080970976226014,6.997676876882294,8.634706308984146,train
2005-05-01,1542.6300048828125,1911.6092024189297,-368.9791975361172,-0.19302020364267702,7.1380117219097965,8.482288063054707,train
2005-06-01,1493.52001953125,1910.9106609613018,-417.3906414300518,-0.21842498969579216,7.733808753593284,8.472129144568056,train
2005-07-01,1605.1400146484375,1953.0156915176115,-347.87567686917396,-0.17812231534036138,7.526986030086936,9.084464416338404,train
2005-08-01,1581.7099609375,1945.2349723385098,-363.5250114010098,-0.18687974284360598,8.020527352426326,8.971309082399571,train
2005-09-01,1601.6600341796875,1979.0415066386288,-377.3814724589413,-0.1906890134406114,8.028032502914707,9.462958965911527,train
2005-10-01,1579.1800537109375,1977.0617198150853,-397.8816661041478,-0.20124898586441786,8.067790359853445,9.434166840917802,train
2005-11-01,1672.56005859375,1455.2792951123556,217.2807634813944,0.14930519812323673,8.287684111456786,1.8458625786030498,train
2005-12-01,1645.199951171875,1899.2419725409009,-254.04202136902586,-0.13375969204658833,9.059324874104384,8.302430906597317,train
2006-01-01,1710.75,1947.577528084886,-236.8275280848859,-0.12160107860649116,8.771851602793053,9.005376971453257,train
2006-02-01,1670.5699462890625,1957.3344166790207,-286.7644703899582,-0.14650765242073815,9.076563450805216,9.147271822258139,train
2006-03-01,1703.6600341796875,1955.7084318141547,-252.04839763446716,-0.12887831004576789,8.921491874718427,9.123625054378687,train
2006-04-01,1700.7099609375,1937.6358362317335,-236.9258752942335,-0.12227575009915237,8.995511093247337,8.860794518897718,train
2006-05-01,1579.5799560546875,1963.0800637955358,-383.5001077408483,-0.19535632540598802,8.810198164858049,9.23083101559212,train
2006-06-01,1575.22998046875,1935.2482871557672,-360.01830668701723,-0.18603210196668662,8.543002846869914,8.82607228991509,train
2006-07-01,1509.4300537109375,1923.8409216285736,-414.4108679176361,-0.21540807415970142,8.633154863546437,8.66017448202878,train
2006-08-01,1579.72998046875,1924.6913234597682,-344.9613429910182,-0.17922943735774,8.466159770593924,8.672541912464961,train
2006-09-01,1654.1300048828125,1911.8998000452596,-257.76979516244705,-0.13482390403322653,8.908592904957025,8.48651423684305,train
2006-10-01,1732.5400390625,1938.9463546135921,-206.40631555109212,-0.10645282426713987,9.329062756088351,8.879853444135696,train
2006-11-01,1791.25,1972.0418769400721,-180.79187694007214,-0.09167750393850593,9.82561648146351,9.361163049909866,train
2006-12-01,1756.9000244140625,1993.120192487832,-236.2201680737694,-0.11851777377204586,10.011690143464492,9.667705900226462,train
2007-01-01,1792.280029296875,1996.853950634574,-204.57392133769895,-0.1024481140809963,10.002931551835616,9.722006105672282,train
2007-02-01,1761.5999755859375,2015.4994363797082,-253.8994607937707,-0.12597347149341376,10.245766918354924,9.993168207449358,train
2007-03-01,1772.3599853515625,2021.0035184012943,-248.6435330497318,-0.12302973784351456,9.843331784189935,10.073214309209737,train
2007-04-01,1867.75,1999.2699373707492,-131.51993737074918,-0.06578398189876844,9.870802302289158,9.757141904771418,train
2007-05-01,1928.18994140625,1992.2142579605638,-64.02431655431383,-0.03213726450279286,10.921145694784254,9.654530855400909,train
2007-06-01,1934.0999755859373,2069.337166827557,-135.23719124161994,-0.06535290305008545,11.368479681929117,10.77613263877055,train
2007-07-01,1932.06005859375,2095.6374059512664,-163.57734735751637,-0.0780561307471338,11.370321817790009,11.158618148427264,train
2007-08-01,1988.72998046875,2106.58950649904,-117.85952603029,-0.05594802673548005,11.481249644225384,11.317895018121213,train
2007-09-01,2091.110107421875,2107.6963466240773,-16.58623920220225,-0.007869368483163441,11.571344187123184,11.33399184170301,train
2007-10-01,2238.97998046875,2428.55288194103,-189.57290147228014,-0.07806002615053753,12.37279895884024,16.000222245926206,train
2007-11-01,2089.10009765625,2215.2927403577737,-126.19264270152371,-0.05696431916313838,13.549554222490356,12.898770827204997,train
2007-12-01,2084.929931640625,2295.165345792073,-210.2354141514479,-0.09159924557805421,13.124723959072425,14.060361566112283,train
2008-01-01,1841.4200439453125,2262.693084372747,-421.27304042743435,-0.18618213991855537,13.515846448410455,13.588116070538806,train
2008-02-01,1745.27001953125,2291.8210447589518,-546.5510252277018,-0.23847892769707357,11.556711683331542,14.011725252233836,train
2008-03-01,1781.9300537109375,2147.682403166541,-365.7523494556035,-0.17030094809006147,10.754652543697787,11.915510783179826,train
2008-04-01,1917.699951171875,2111.0953078153375,-193.3953566434625,-0.0916090125952661,11.429222641191876,11.383423080614088,train
2008-05-01,2032.5699462890625,2154.244087846504,-121.67414155744154,-0.05648113054777992,12.342699944386023,12.010937645924951,train
2008-06-01,1837.0899658203125,2205.147733588371,-368.0577677680585,-0.1669084398119346,12.410567286134768,12.751231557070845,train
2008-07-01,1849.1500244140625,2194.3820083522846,-345.23198393822213,-0.15732538027754317,11.475900054838853,12.594665151557194,train
2008-08-01,1872.5400390625,2150.836401060549,-278.2963619980492,-0.12938983265339232,10.858394132434007,11.961379510314643,train
2008-09-01,1594.6300048828125,2097.224522689561,-502.5945178067486,-0.23964745422783928,11.082846227368073,11.181699655468927,train
2008-10-01,1334.780029296875,1903.2576626529556,-568.4776333560806,-0.2986866384468817,9.744967619191948,8.360831260750299,train
2008-11-01,1185.75,1995.6583762057476,-809.9083762057476,-0.40583517993975937,8.465233306952229,9.704618815290956,train
2008-12-01,1211.6500244140625,1895.1250204495593,-683.4749960354968,-0.3606490277213288,7.105827353843839,8.2425578951208,train
2009-01-01,1180.25,1808.779306014222,-628.5293060142219,-0.3474881119683044,7.842871405450361,6.986828453379686,train
2009-02-01,1116.989990234375,1871.2948193648886,-754.3048291305136,-0.4030924584008212,7.455854762310333,7.8959942549873725,train
2009-03-01,1237.010009765625,1857.0258491597558,-620.0158393941308,-0.33387571835613805,7.262882229848568,7.688480007093454,train
2009-04-01,1394.3299560546875,1804.5562349045676,-410.22627884988015,-0.22732806598935085,8.157629439587696,6.925412148452005,train
2009-05-01,1435.5699462890625,1896.331416613063,-460.7614703240006,-0.24297518159929143,8.821980583653666,8.260102566455352,train
2009-06-01,1477.25,1932.2380058194522,-454.98800581945216,-0.23547203007555695,9.44001571304251,8.782293638865008,train
2009-07-01,1603.3599853515625,1975.5608155765813,-372.20083022501876,-0.18840261827950322,9.587878266098995,9.412339125971569,train
2009-08-01,1625.18994140625,2002.93188680608,-377.74194539983,-0.18859450383117404,10.185868797589,9.81039779303621,train
2009-09-01,1718.989990234375,2031.4273707247619,-312.4373804903869,-0.15380189564882996,10.4167765225949,10.224808842239424,train
2009-10-01,1667.1300048828125,2064.254266368183,-397.1242614853704,-0.19238146576974968,10.960437865880856,10.702211798598968,train
2009-11-01,1767.4300537109375,2086.6412554847984,-319.2112017738609,-0.1529784772225723,11.395324755084363,11.027786744958629,train
2009-12-01,1860.31005859375,2129.045003759453,-268.7349451657028,-0.12622323374619726,12.6112837560334,11.64446628136502,train
2010-01-01,1741.0400390625,2211.9249084729536,-470.8848694104536,-0.21288465426954228,12.973475787084269,12.849792303137422,train
2010-02-01,1818.6800537109373,2243.2222384114284,-424.54218470049113,-0.18925551709987376,12.004927468595696,13.304950719610547,train
2010-03-01,1958.3399658203125,2174.3873123241383,-216.0473465038258,-0.09936010262720818,12.497323203307552,12.303881426558192,train
2010-04-01,2000.6300048828125,2202.7361104618835,-202.10610557907103,-0.09175230052259509,13.206968499480611,12.716159218135228,train
2010-05-01,1852.3900146484373,2250.0416387102596,-397.6516240618223,-0.17673078454217372,13.314398957353804,13.404125551694117,train
2010-06-01,1739.1400146484375,2246.5540379444874,-507.4140232960499,-0.22586326201185647,11.837695231191624,13.353405223635459,train
2010-07-01,1864.0,2139.907842063495,-275.9078420634951,-0.12893445065252884,11.205517575993914,11.802445006406137,train
2010-08-01,1767.4300537109375,2109.001821469565,-341.57176775862763,-0.16195897238278267,12.350831909422144,11.352977418574449,train
2010-09-01,1998.0400390625,2176.485722119937,-178.44568305743678,-0.08198798698464582,12.437283289744007,12.334398690543484,train
2010-10-01,2124.449951171875,2252.100610680467,-127.65065950859207,-0.05668070906921996,13.4869223368675,13.434069269684258,train
2010-11-01,2117.330078125,2293.449561129437,-176.11948300443692,-0.07679239429957407,14.561236551211472,14.035408835908477,train
2010-12-01,2217.860107421875,2338.725350242675,-120.86524282080018,-0.05167996439097,14.706478691127682,14.69385658585595,train
2011-01-01,2281.909912109375,2340.2033745784843,-58.29346246910927,-0.02490957115195558,15.268384735006055,14.715351557392438,train
2011-02-01,2350.989990234375,2422.9955654073165,-72.00557517294146,-0.02971758438230443,15.99311391478639,15.919401952364504,train
2011-03-01,2338.989990234375,2411.244904316941,-72.25491408256585,-0.029965813075729097,15.8790746186586,15.748511582325856,train
2011-04-01,2404.080078125,2474.356156343522,-70.27607821852189,-0.0284017634398972,16.340671072017493,16.666341237140635,train
2011-05-01,2372.5400390625,2489.5448110125744,-117.00477195007443,-0.046998459892145905,16.68204255799661,16.887230495780692,train
2011-06-01,2325.070068359375,2491.6635032933327,-166.59343493395772,-0.06686032632968475,16.06216854891669,16.91804272881781,train
2011-07-01,2362.81005859375,2449.5168104226127,-86.7067518288627,-0.03539749205228082,16.354793828794683,16.305101560215657,train
2011-08-01,2241.010009765625,2527.98643017862,-286.97642041299514,-0.11351976299679667,16.673731729693458,17.44628861801273,train
2011-09-01,2139.179931640625,2471.5279333946237,-332.3480017539987,-0.13447066377984307,15.892237272277912,16.62521026905537,train
2011-10-01,2360.080078125,2344.1485422319893,15.931535893010732,0.0067962996397155084,15.010332275604627,14.772726300395128,train
2011-11-01,2295.199951171875,2424.3038936569455,-129.10394248507055,-0.0532540259589005,16.10229869102355,15.938429026415191,train
2011-12-01,2277.830078125,2374.455950832663,-96.6258727076629,-0.0406938998694748,16.37839724737055,15.213488248241934,train
2012-01-01,2467.949951171875,2395.2316626286774,72.71828854319756,0.030359605577104043,16.58192464324231,15.515630319171477,train
2012-02-01,2623.10009765625,2466.6782985941995,156.42179906205047,0.06341394382526411,17.858486480823082,16.5546818214027,train
2012-03-01,2755.27001953125,2480.011101901586,275.2589176296642,0.11099100218487146,19.4754344681904,16.74858135380585,train
2012-04-01,2723.679931640625,2609.8797716232875,113.80016001733748,0.043603602455049684,20.578934602447227,18.63726700770036,train
2012-05-01,2524.8701171875,2741.425925099955,-216.55580791245484,-0.07899385714919838,20.45602062612991,20.55034838004978,train
2012-06-01,2615.719970703125,2645.2112806014416,-29.49130989831656,-0.011148943040803605,19.94531767792655,19.15109466359675,train
2012-07-01,2642.530029296875,2633.2711549651594,9.25887433171556,0.003516111249788123,21.41555341141408,18.97744890251158,train
2012-08-01,2772.239990234375,2805.308316667859,-33.06832643348389,-0.011787769008136162,20.975551952302705,21.47939275040734,train
2012-09-01,2799.18994140625,2733.7220854933266,65.46785591292337,0.02394824852911448,21.477547931093564,20.438311109042676,train
2012-10-01,2647.919921875,2936.259436567144,-288.3395146921439,-0.09819960426563978,21.962185913070783,23.383820523827964,train
2012-11-01,2677.8798828125,3634.354823486342,-956.474940673842,-0.2631759932994986,21.165751415085705,33.53625178495991,train
2012-12-01,2660.929931640625,3164.450063473062,-503.5201318324371,-0.15911773664704676,21.77483638131036,26.702406633271902,train
2013-01-01,2731.530029296875,2925.548848194875,-194.01881889800006,-0.06631877605383818,21.31481612848603,23.22805597609815,train
2013-02-01,2738.580078125,2942.416351623114,-203.83627349811422,-0.06927512939685532,22.53325131650576,23.47336080450826,train
2013-03-01,2818.68994140625,2977.7298291068937,-159.0398877006437,-0.053409777524492275,22.500465529149068,23.986926227605803,train
2013-04-01,2887.43994140625,2968.959603713887,-81.51966230763719,-0.027457316093376205,22.64878994112975,23.859380462205355,train
2013-05-01,2981.760009765625,3114.5679619941143,-132.80795222848928,-0.042640890758877004,23.490069013581994,25.976969084313502,train
2013-06-01,2909.60009765625,3085.65452649826,-176.0544288420101,-0.05705578097941011,24.89865525828345,25.556479747332954,train
2013-07-01,3090.18994140625,3170.026804232093,-79.83686282584313,-0.025184917275544283,24.94921858366892,26.783509414178493,train
2013-08-01,3073.81005859375,3202.953881356957,-129.14382276320703,-0.04032022550024794,26.779713794722085,27.262369314134922,train
2013-09-01,3218.199951171875,3307.397848156947,-89.19789698507202,-0.026969206935530177,27.06390063848127,28.78130241904538,train
2013-10-01,3377.72998046875,3228.9842978684637,148.74568260028627,0.04606578071577405,29.048536546778774,27.640930781928002,train
2013-11-01,3487.820068359375,2966.326807868786,521.4932604905889,0.17580438510929475,30.214744752852106,23.82109159890267,train
2013-12-01,3592.0,3034.3102759646204,557.6897240353796,0.1837945606462701,31.62749985962355,24.8097781017347,train
2014-01-01,3521.919921875,3536.9162155925856,-14.996293717585559,-0.004239934678541113,32.255264428099856,32.119197916164964,train
2014-02-01,3696.10009765625,3592.4629167166113,103.63718093963871,0.028848504032537026,32.2460221277409,32.92701598159158,train
2014-03-01,3595.739990234375,3577.2907660977116,18.44922413666336,0.005157317462563649,34.63257548850844,32.70636674206331,train
2014-04-01,3582.02001953125,3714.2064967073748,-132.18647717612475,-0.03558942597653292,34.051420657449405,34.69753810578864,train
2014-05-01,3736.820068359375,3523.3455395458627,213.47452881351228,0.060588587300758334,33.198203385658864,31.921838990274527,train
2014-06-01,3849.47998046875,3600.406311662836,249.07366880591417,0.0691793223445607,34.8245566472286,33.04253711621398,train
2014-07-01,3892.5,3728.5856268573293,163.91437314267068,0.04396154186777457,35.7724847623828,34.90665441450188,train
2014-08-01,4082.56005859375,3776.0380322555707,306.52202633817933,0.08117556648524604,35.92311574085107,35.59675678877351,train
2014-09-01,4049.449951171875,3799.2590429104243,250.19090826145066,0.06585255320463523,37.35873255682248,35.93446094626381,train
2014-10-01,4158.2099609375,3844.449714780366,313.76024615713413,0.08161382497756486,36.61074760937358,36.591670832478194,train
2014-11-01,4337.7900390625,4393.798890881716,-56.008851819216034,-0.012747249751336787,37.97302000953996,44.580879546980086,train
2014-12-01,4236.27978515625,3975.696472356354,260.5833127998958,0.0655440662062039,38.4561664948099,38.50039807735669,train
2015-01-01,4148.43017578125,3998.2844193868727,150.14575639437726,0.037552545203225485,38.03807091003111,38.82889556330838,train
2015-02-01,4440.669921875,4365.707692523827,74.96222935117294,0.017170693649404045,36.36076940260357,44.17234804008975,train
2015-03-01,4333.68994140625,3926.362759886575,407.3271815196749,0.1037416067820085,39.87600382935537,37.78293577336377,train
2015-04-01,4414.25,4165.377495457524,248.87250454247624,0.05974788715161572,38.54136213497454,41.25893736104158,train
2015-05-01,4508.25,4082.0413865519504,426.2086134480496,0.10441065464259358,40.53029711956174,40.04697674206678,train
2015-06-01,4396.759765625,4203.096563521964,193.66320210303638,0.04607631520622446,40.26785125059052,41.8074873915011,train
2015-07-01,4588.91015625,4140.114253451684,448.7959027983161,0.1084018158252873,39.43486074525706,40.89153294510706,train
2015-08-01,4274.580078125,4176.66485260119,97.91522552380957,0.023443400171988538,41.42620799299955,41.423089881840546,train
2015-09-01,4181.06005859375,4226.314857381668,-45.254798787917935,-0.010707862597808093,38.338615616188704,42.1451520385226,train
2015-10-01,4648.830078125,4035.4392200283673,613.3908580966327,0.15200101516888176,39.37488554868878,39.36923942834741,train
2015-11-01,4664.509765625,3757.6811435992804,906.8286220257196,0.24132665528856379,44.44262345435739,35.32979176688201,train
2015-12-01,4593.27001953125,4436.3828575276075,156.88716200364252,0.03536375624962984,44.714744576980834,45.20018000691679,train
2016-01-01,4279.169921875,4431.808352269818,-152.638430394818,-0.03444156837617807,43.77655928024724,45.133652780045466,train
2016-02-01,4201.1201171875,4052.463324324054,148.65679286344584,0.03668306927570808,42.22299576060798,39.61682170991362,train
2016-03-01,4483.66015625,4209.784866239917,273.8752900100826,0.06505683751357627,43.151900963732544,41.90475566582294,train
2016-04-01,4341.2998046875,4247.360671148539,93.93913353896096,0.022117060643582764,45.30531306339412,42.45122221404072,train
2016-05-01,4523.89013671875,4732.461592153093,-208.57145543434308,-0.044072508856738746,43.56257014983028,49.50606578913595,train
2016-06-01,4417.7001953125,4285.3993613774,132.30083393509994,0.030872463165854347,44.66413732928012,43.0044205233954,train
2016-07-01,4730.22998046875,4375.947908387121,354.28207208162894,0.08096121788895094,43.85866617430157,44.32127194017459,train
2016-08-01,4771.0498046875,4406.771042262997,364.27876242450293,0.08266341929973198,47.55693900256472,44.769534102897815,train
2016-09-01,4875.7001953125,4561.181003794449,314.51919151805123,0.06895564794653031,48.33616678920738,47.015124819949115,train
2016-10-01,4801.27001953125,4620.802644704845,180.46737482640492,0.039055417143428306,49.14762096557797,47.88220491009265,train
2016-11-01,4810.81005859375,4769.525106714509,41.28495187924091,0.00865598795593292,48.8382054693496,50.045082076783046,train
2016-12-01,4863.6201171875,4621.048061484484,242.5720557030163,0.052492865790513266,47.97469636841733,47.885774016882785,train
2017-01-01,5116.77001953125,4594.3729898797355,522.3970296515145,0.11370366115294206,49.44862082995036,47.49783730231984,train
2017-02-01,5330.31005859375,4754.980852642051,575.3292059516989,0.12099506260514681,52.7439143895602,49.83356436375716,train
2017-03-01,5436.22998046875,4958.883705196042,477.3462752727082,0.09626083281052411,55.81178434255744,52.79893232534593,train
2017-04-01,5583.52978515625,5212.818210741732,370.7115744145176,0.07111538508107085,56.59417070367006,56.49191276998043,train
2017-05-01,5788.7998046875,5744.598093411582,44.20171127591766,0.007694482809269543,59.406374809559146,64.22561049384659,train
2017-06-01,5646.919921875,5484.183031742532,162.73689013246803,0.029673861939060853,61.373645860232216,60.438383042557774,train
2017-07-01,5880.330078125,5799.129728777982,81.20034934701835,0.014002161211201125,59.5118196733108,65.01866641426705,train
2017-08-01,5988.60009765625,5500.24717729669,488.3529203595599,0.08878744983958708,63.27028040149632,60.67200460282499,train
2017-09-01,5979.2998046875,5730.259083801079,249.0407208864208,0.043460638907311555,63.34571368428839,64.01707765986556,train
2017-10-01,6248.56005859375,5726.101433211921,522.4586253818288,0.09124159456057135,63.75682949619133,63.95661276838345,train
2017-11-01,6365.56005859375,5794.776008396193,570.784050197557,0.09849976071042854,67.68111727518193,64.95535007135098,train
2017-12-01,6396.419921875,6049.176563649397,347.2433582256026,0.05740340930239185,67.04720656536207,68.65510829694273,train
2018-01-01,6949.990234375,5976.522987095765,973.4672472792354,0.16288187117845965,67.75410172606215,67.59850420578645,train
2018-02-01,6854.419921875,6067.128604580299,787.291317294701,0.12976341340454622,73.21972671727171,68.91618560093744,train
2018-03-01,6581.1298828125,6480.890087064282,100.23979574821806,0.015466979751484145,71.80487471117692,74.93353665085763,train
2018-04-01,6605.56982421875,6295.743905875868,309.8259183428818,0.049211963347765675,70.32462152563222,72.24094776830997,train
2018-05-01,6967.72998046875,5647.093711289013,1320.6362691797367,0.23386122786304653,72.17554746468026,62.8076000676108,train
2018-06-01,7040.7998046875,6342.238548503848,698.5612561836524,0.11014427332577159,76.4216311302255,72.91712135738726,train
2018-07-01,7231.97998046875,7299.914609722697,-67.9346292539467,-0.00930622245409074,75.0585248272459,86.84464553837905,train
2018-08-01,7654.5498046875,6626.859124880201,1027.6906798072987,0.15507960263541554,76.99159694131181,77.05637065097862,train
2018-09-01,7627.64990234375,6753.50499263411,874.1449097096402,0.12943573902189298,79.24158581064529,78.89818695713163,train
2018-10-01,6967.10009765625,6866.852422472491,100.24767518375938,0.01459878107408974,79.00320800700608,80.5466035082545,train
2018-11-01,6949.009765625,6821.788916619756,127.22084900524442,0.018649191665151,73.9317361872737,79.89124300290216,train
2018-12-01,6329.97021484375,6559.244292141354,-229.27407729760398,-0.034954343379510644,72.64344749919003,76.07304522801098,train
2019-01-01,6906.83984375,6347.748518245731,559.0913255042688,0.08807710700845162,66.59789648777296,72.99725308451735,train
2019-02-01,7097.52978515625,6026.480529854154,1071.0492553020958,0.1777238389796998,72.20323630998364,68.3250389005191,train
2019-03-01,7378.77001953125,6294.010442599728,1084.7595769315221,0.17234791502561664,74.82499875660453,72.215737937269,train
2019-04-01,7781.4599609375,6580.987753538638,1200.4722073988623,0.18241520154073543,78.94191817037698,76.38926132304807,train
2019-05-01,7127.9599609375,6867.135511260442,260.8244496770576,0.03798154983972113,82.93319602260567,80.5507204806831,train
2019-06-01,7671.080078125,7047.852305910648,623.2277722143517,0.08842804093548962,77.32449483583453,83.17889260414489,train
2019-07-01,7848.77978515625,5907.330451795669,1941.4493333605806,0.3286508769406038,85.0925551702996,66.59223418655917,train
2019-08-01,7691.0,7206.421070504734,484.5789294952656,0.06724266105939969,86.7198940559345,85.48496497314969,train
2019-09-01,7749.4501953125,7292.432723028047,457.0174722844531,0.06267009784557676,87.22599398789283,86.7358361381247,train
2019-10-01,8083.830078125,7354.154057790968,729.6760203340318,0.09921957231246958,87.0659806968785,87.63345216634578,train
2019-11-01,8403.6796875,7443.910728730707,959.768958769293,0.12893343213600672,92.25488508110789,88.93878729535332,train
2019-12-01,8733.0703125,7735.451313096169,997.6189994038314,0.12896713572676188,94.6774116743262,93.17867456299857,train
2020-01-01,8991.509765625,7835.679044733826,1155.8307208911738,0.1475086861384376,98.86804268653152,94.6362907784575,train
2020-02-01,8461.830078125,8113.743073046956,348.08700507804406,0.04290091539062346,100.3892543598884,98.68018791134207,train
2020-03-01,7813.5,8252.425054991392,-438.92505499139224,-0.053187402741199485,94.2978213260404,100.69704594425643,train
2020-04-01,9000.509765625,7654.233373545276,1346.2763920797242,0.17588650964481345,81.64067690863328,91.99751857212442,train
2020-05-01,9555.5302734375,6836.552794210577,2718.9774792269227,0.39771176513541207,95.40192257932252,80.10595471020919,train
2020-06-01,10156.849609375,7932.780942482913,2224.068666892087,0.2803643114587211,105.44889204642352,96.04844785712498,train
2020-07-01,10905.8798828125,8584.186789392792,2321.693093419708,0.27046162325924117,112.5423127753394,105.52187112817356,train
2020-08-01,12110.7001953125,8928.963775667231,3181.736419645269,0.3563388204481217,117.79194569775537,110.53597768031527,train
2020-09-01,11418.0595703125,9485.540373468853,1932.5191968436466,0.20373316867101443,133.69034033437734,118.63029509970498,train
2020-10-01,11052.9501953125,10422.305872437848,630.6443228746521,0.06050909756375633,124.09403926346984,132.25371607381246,train
2020-11-01,12268.3203125,9851.860021308055,2416.4602911919446,0.24527960059983722,120.5024131557771,123.95769750627615,train
2020-12-01,12888.2802734375,10919.013457938063,1969.2668154994371,0.180352082455562,136.68071437633336,139.47735587027117,train
2021-01-01,12925.3798828125,10839.192758417008,2086.187124395492,0.19246701953662515,140.7878697647267,138.31652000129446,train
2021-02-01,12909.4404296875,11208.779355401259,1700.6610742862413,0.15172580531409352,144.143988548958,143.69143378990626,train
2021-03-01,13091.4404296875,11433.366615138997,1658.073814548503,0.1450206111953969,146.85679329944256,146.95761597551822,train
2021-04-01,13860.759765625,11536.225548556124,2324.5342170688764,0.2014986797271674,151.14969312944334,148.45349787171472,train
2021-05-01,13686.509765625,12227.565671926039,1458.9440936989613,0.11931598920369191,158.393782431338,158.5076870442725,train
2021-06-01,14554.7998046875,12353.346237901684,2201.4535667858163,0.1782070642553082,156.96400316047067,160.33691922941773,train
2021-07-01,14959.900390625,12238.539726382114,2721.360664242886,0.22235991589556736,166.13921385652878,158.66728319059987,train
2021-08-01,15582.509765625,12968.967429294446,2613.5423363305545,0.2015227773976096,173.6394778870735,169.2899247149483,train
2021-09-01,14689.6201171875,13324.597263038762,1365.0228541487377,0.10244383580246641,184.3147237967042,174.46186469499986,train
2021-10-01,15850.4697265625,14032.55069132495,1817.91903523755,0.12955014916578245,174.60360940514488,184.75766187606638,train
2021-11-01,16135.919921875,13648.69484826486,2487.2250736101396,0.18223171528568072,185.20582954022055,179.1752298275611,train
2021-12-01,16320.080078125,12482.089587369319,3837.990490755681,0.3074798064772233,184.85937792363288,162.2092393024185,train
2022-01-01,14930.0498046875,13897.382741620953,1032.6670630665467,0.07430658579862204,194.93393687089943,182.7919085652845,test
2022-02-01,14237.8095703125,13923.761676182106,314.0478941303936,0.022554816825657298,182.1468116843901,183.1755385460754,test
2022-03-01,14838.490234375,13769.871851018444,1068.6183833565556,0.07760554309570566,166.07110889293563,180.93751219460984,test
2022-04-01,12854.7998046875,13516.287325194164,-661.4875205066637,-0.048940030985702765,177.80508348721415,177.2496215201285,test
2022-05-01,12642.099609375,13923.724481203742,-1281.6248718287425,-0.09204612412137747,157.65126717341047,183.17499761790398,test
2022-06-01,11503.7197265625,13737.089702900339,-2233.369976337839,-0.16257955830821302,153.77721333904427,180.46076000343712,test
2022-07-01,12947.9697265625,13511.270667203711,-563.3009406412111,-0.041691189120245165,140.01217748237258,177.17666404703382,test
2022-08-01,12272.0302734375,13739.869969441124,-1467.8396960036243,-0.10683068320648226,155.1234646414508,180.5011935394149,test
2022-09-01,10971.2197265625,13483.805745797315,-2512.5860192348155,-0.18634101281219861,147.46854817416485,176.77724051280686,test
2022-10-01,11405.5703125,13249.85295262539,-1844.2826401253897,-0.13919268739959523,130.82497423035755,173.3748549713268,test
2022-11-01,12030.0595703125,13126.141257420788,-1096.081687108288,-0.08350372478953971,134.7221340977845,171.57571046285835,test
2022-12-01,10939.759765625,12900.081709172558,-1960.3219435475585,-0.1519619788263572,148.02363194487677,168.28811672206442,test
2023-01-01,12101.9296875,12655.583915313422,-553.654227813422,-0.043747821634961714,137.00777125133183,164.732374781686,test
2023-02-01,12042.1201171875,12801.36068010903,-759.24056292153,-0.05930936420698241,154.94923119384703,166.8524125469963,test
2023-03-01,13181.349609375,12653.543444982914,527.8061643920864,0.04171212330261209,152.1467998731537,164.7027001338384,test
2023-04-01,13245.990234375,12309.489084220768,936.5011501542322,0.07607961173260303,170.38036202207334,159.69910275562697,test
2023-05-01,14254.08984375,12073.8804505048,2180.2093932452008,0.18057238533896935,175.40400110748635,156.2726362538401,test
2023-06-01,15179.2099609375,12005.513926842308,3173.696034095192,0.26435320082377656,189.0837611273056,155.27837895741374,test
2023-07-01,15757.0,11700.631473166386,4056.368526833614,0.34667945368045117,196.09892099569825,150.8444603100924,test
2023-08-01,15501.0703125,11792.245289488596,3708.8250230114045,0.3145138972234056,203.3991147114449,152.17680398433708,test
2023-09-01,14715.240234375,11612.516900561643,3102.7233338133574,0.2671878422552214,201.9389774583969,149.563006287854,test
2023-10-01,14409.7802734375,11337.674898802887,3072.1053746346133,0.2709643204674168,192.6507821075556,145.56596722584018,test
2023-11-01,15947.8701171875,11562.990435883947,4384.879681303553,0.3792167524151675,195.53013188298007,148.84274078020442,test
2023-12-01,16825.9296875,13185.663049543155,3640.2666379568454,0.276077632522467,213.85208201784044,172.44133844777966,test
2024-01-01,17137.240234375,13016.111339537903,4121.128894837097,0.31661752018966705,224.74587478106764,169.9755406309049,test
2024-02-01,18043.849609375,13288.748817132748,4755.100792242252,0.35782908215645226,237.56343647662328,173.9405192031103,test
2024-03-01,18254.689453125,13488.250994223807,4766.438458901193,0.3533770583704565,252.50909867832635,176.8418879520168,test
2024-04-01,17440.689453125,13654.296062741358,3786.3933903836423,0.2773041812617216,255.6395263186022,179.2566885307943,test
2024-05-01,18536.650390625,13349.402029213026,5187.248361411974,0.38857533468993677,242.5228464826315,174.8226014771809,test
2024-06-01,19682.869140625,13930.906528675532,5751.962611949468,0.4128921976548736,265.7566871094603,183.27944644343387,test
2024-07-01,19362.4296875,14083.540767002918,5278.888920497082,0.37482682855331895,287.470793402245,185.49921274149332,test
2024-08-01,19574.640625,13723.05643338266,5851.5841916173395,0.4264053142988464,270.9306206648089,180.25667356078645,test
2024-09-01,20060.689453125,14474.415663005615,5586.273790119385,0.3859412303874237,282.2655483173723,191.18372317907455,test
2024-10-01,19890.419921875,14509.973274967975,5380.446646907025,0.37081023823725134,285.3559746729726,191.70083906040273,test
2024-11-01,20930.369140625,14232.761034759384,6697.608105865616,0.4705768676582607,287.91922810273013,187.66932951858723,test
