Date,P_t,p_t,D_t,d_t,D12_t,d12_t,rf_1m_t,r_1m_t+1,rx_1m_t+1,r_12m_t+12,rf_12m_t+12,rx_12m_t+12,Î”d12_t+12,d12p_t
2002-12-01,5.496798090100632,1.7041657572780817,0.0036097205882352,-5.624124909013665,0.03360150420168,-3.3931844451078885,0.0010411245084105101,-0.12307238142989753,-0.12411350593830804,-0.32141039967921553,0.01653850454596874,-0.33794890422518425,0.7362455960614653,-5.09735020238597
2003-01-01,4.859929881528207,1.5810240101392294,0.0003813025210084,-7.87191747950866,0.0336006507352935,-3.3932098450786885,0.0009995003330834232,-0.05011996428619205,-0.051119464619275475,-0.36741196037356244,0.01613066231699277,-0.3835426226905552,0.736635852733166,-4.974233855217918
2003-02-01,4.604349004355173,1.5270012925815681,0.0190041674107142,-3.9630969864606183,0.046342718749999304,-3.071691092083034,0.0009745249962273272,0.011124973295309766,0.010150448299082439,-0.3426532404090011,0.015697844751160702,-0.3583510851601618,0.22545803906002204,-4.598692384664602
2003-03-01,4.652612492365825,1.5374288881491802,0.0032120903361344,-5.740833358718266,0.04683523686974721,-3.061119434796794,0.0010078253067557965,0.014880097849211429,0.013872272542455632,-0.3430180371854673,0.015223435776765855,-0.3582414729622332,0.22800114872241073,-4.598548322945974
2003-04-01,4.721962757412532,1.5522245515954822,0.0003928571428571,-7.84206451635908,0.046006110294117004,-3.0789810588336906,0.0009745249962273272,0.07927524650005957,0.07830072150383224,-0.15531947489292613,0.01470740553593102,-0.17002688042885716,0.24610156083037982,-4.631205610429173
2003-05-01,5.108139976538217,1.6308353411891527,0.0031385833771008,-5.76398373465202,0.046002637605041405,-3.0790565448968428,0.0009079210482536982,0.04382124532817808,0.04291332427992438,-0.0670177006445359,0.014149734422574688,-0.08116743506711058,0.284962367801167,-4.7098918860859955
2003-06-01,5.3332996587582056,1.6739701195689018,0.0035077731092436,-5.652773884658673,0.046635366859243,-3.0653960802267037,0.0009661997453249756,0.02502916359856615,0.024062963853241175,0.026732183076249253,0.013683627076274565,0.013048555999974688,0.2892553532992377,-4.739366199795605
2003-07-01,5.4674695825493815,1.6988159102335816,0.0009780724789915,-6.92992678127716,0.0464984839810917,-3.068335569477469,0.0007413917678582095,0.049302209980714336,0.04856081821285613,0.20417437502270339,0.013001033193115576,0.1911733418295878,0.30896839433427203,-4.767151479711051
2003-08-01,5.739130961473937,1.747307798429191,0.0044322052258403,-5.418858025139838,0.045917961922268206,-3.080898911181657,0.0007580459438933442,0.02916154385360273,0.028403497909709384,0.199559066403964,0.012343414995846572,0.18721565140811744,0.5075707051215237,-4.828206709610848
2003-09-01,5.9056216161815485,1.7759047135723136,0.0032413931197478,-5.731752066359957,0.046239143119747105,-3.0739285859370566,0.0008163333758904332,0.013870921383808032,0.0130545880079176,0.28680360232682806,0.011744084230574657,0.2750595180962534,0.5190979308863986,-4.8498332995093705
2003-10-01,5.963950645223557,1.7857331214194838,0.0239218749999999,-3.732961966684129,0.0691878694852933,-2.6709297281800315,0.000733064575828895,0.01061828587938805,0.009885221303559155,0.16435625164267567,0.011119737173236126,0.15323651446943953,-0.24360443723618275,-4.456662849599516
2003-11-01,6.0243586397009805,1.7958110238683713,0.003223691045168,-5.737228288592242,0.0690437313550412,-2.673015187389295,0.0007996801705642441,0.0014993904876604244,0.0006997103170961802,0.10539073244040897,0.010720136768318183,0.0946705956720908,1.9888353993737558,-4.468826211257666
2003-12-01,6.028666238777902,1.796525798674488,0.0047286611081932,-5.354113180355351,0.0701626718749992,-2.656938849046423,0.0007996801705642441,0.03331622020190009,0.03251654003133584,0.2617793340722066,0.010478692430471918,0.2513006416417347,1.976764647495183,-4.453464647720911
2004-01-01,6.232481236831762,1.829774525874624,0.000406906512605,-7.806927097665693,0.0701882758665958,-2.6565739923455225,0.0007497188905459742,0.011422169954993119,0.010672451064447145,0.32332146831339176,0.01022891098793447,0.31309255732545727,1.9764901249798803,-4.486348518220146
2004-02-01,6.297127944879046,1.8400936476865717,0.0068785198266806,-4.979351791653974,0.05806262828256221,-2.846233053023012,0.0007080825836803268,-0.0050886739925134865,-0.005796756576193813,0.3071078210255685,0.009962468575387469,0.29714535245018103,2.194959816179775,-4.686326700709584
2004-03-01,6.261209416653209,1.8343733640002,0.0039785833771008,-5.52682945844764,0.0588291213235286,-2.833118286074383,0.0008080068078934946,-0.02562640987059552,-0.026434416678489014,0.2666013133057616,0.009762650076525166,0.25683866322923643,2.1837070605769453,-4.667491650074583
2004-04-01,6.102398970723934,1.8086819677565282,0.000406906512605,-7.806927097665693,0.058843170693276506,-2.8328794980033107,0.000791353463901749,-0.0236259435602576,-0.02441729702415935,0.16370012324544442,0.009579478544199589,0.15412064470124484,2.18497433613955,-4.641561465759839
2004-05-01,5.954580561218767,1.7841607656026532,0.0054656713497899,-5.209268319557262,0.0611702586659656,-2.7940941770956758,0.0006914275755191006,0.023990759288913432,0.023299331713394333,0.14386963720617973,0.009362985071464993,0.13450665213471474,2.171013854328163,-4.578254942698329
2004-06-01,6.094438531185586,1.8073766391141806,0.0046159079569327,-5.378246689981057,0.0622783935136547,-2.776140726927466,0.0008080068078934946,0.04081124358519694,0.04000323677730344,0.15965171719281054,0.00920479213403351,0.15044692505877705,2.1542607223094126,-4.583517366041646
2004-07-01,6.346189788343118,1.8478545994807638,0.002031512605042,-6.198974637760271,0.06333183363970521,-2.759367175143197,0.0008413126638987013,-0.026842961383289513,-0.027684274047188213,0.08350654582880668,0.009304713030074001,0.07420183279873267,2.1345441920673665,-4.6072217746239605
2004-08-01,6.161230268553604,1.8182764765252994,0.0173816143644957,-4.052342277123939,0.0762812427783606,-2.5733282060601335,0.001057773693433397,0.03445504728557948,0.03339727359214608,0.08880004926078343,0.009604440779614054,0.07919560848116937,1.9562683126894433,-4.391604682585433
2004-09-01,6.372389829563009,1.8519745687017406,0.0046655403098739,-5.367551629337403,0.0777053899684867,-2.554830655050658,0.001190957195523951,0.050791836053576706,0.049600878858052755,0.1257209639305521,0.009979064599247573,0.11574189933130452,1.9389570732765422,-4.406805223752398
2004-10-01,6.703946973926958,1.9026964535314002,0.0004457720588235,-7.715702815460608,0.0542292870273103,-2.9145341654162142,0.0012658651212337166,0.11074071590732246,0.10947485078608873,0.22584339395848652,0.010511865144652395,0.21533152881383413,2.298816140713212,-4.817230618947614
2004-11-01,7.014507581495501,1.9479805160080255,0.4534982640493697,-0.7907638373298186,0.504503860031512,-0.6841797880155395,0.0014905552370621622,0.05077885629603837,0.04928830105897621,0.27512285976686446,0.011202740211150312,0.26392011955571415,-1.5631563494029548,-2.632160304023565
2004-12-01,7.372796208476412,1.9977970383808943,0.0067535476628151,-4.997687332490011,0.5065287465861339,-0.6801742015512402,0.0017151948785833224,0.0025596058777256417,0.0008444109991423193,0.24436624544269,0.012118254919169392,0.2322479905235206,-1.5624340795087588,-2.6779712399321345
2005-01-01,7.391238035638072,2.0002952494319,0.0004526654411764,-7.700357245786037,0.5065745055147054,-0.6800838673656422,0.0015737609882917896,-0.012142819280362723,-0.013716580268654513,0.22080125620733418,0.012942297016915206,0.20785895919041897,-1.5607483947056733,-2.680379116797542
2005-02-01,7.280669158336337,1.985222775338346,0.0216855261292016,-3.8311102396325922,0.5213815118172264,-0.6512732368432366,0.0018566087681584995,0.006213394512303358,0.004356785744144859,0.232103324712151,0.014090823201393378,0.21801250151075763,-1.543357720228592,-2.6364960121815826
2005-03-01,7.321069883890919,1.9907564762945258,0.0049503060661764,-5.308305872762242,0.522353234506302,-0.6494112254974376,0.0021227453809785743,-0.04501515260769711,-0.04713789798867569,0.21271458197504944,0.015405561774478459,0.19730902020057098,-1.5359674102611842,-2.640167701791963
2005-04-01,6.997676876882294,1.9455782192416065,0.0011941964285714,-6.7302817645011395,0.5231405244222684,-0.6479051618637609,0.0022142134856986445,0.022512697623725184,0.02029848413802654,0.2588532231590322,0.016828421796275354,0.24202480136275684,-1.5432943816453961,-2.5934833811053672
2005-05-01,7.1380117219097965,1.9654342672506768,0.0186150915178571,-3.9837826553194424,0.5362899445903355,-0.6230803227675128,0.00224747254047937,0.08090382794656861,0.07865635540608924,0.31576629181668736,0.018384466761235625,0.29738182505545174,-1.5368167968190558,-2.58851459001819
2005-06-01,7.733808753593284,2.0456014648722882,0.0052600129989495,-5.2476217809523975,0.5369340496323524,-0.6218800046180534,0.002322301369567652,-0.027048108456512957,-0.02937040982608061,0.2479069397749775,0.01989876132290978,0.22800817845206772,-1.5283165664799485,-2.6674814694903417
2005-07-01,7.526986030086936,2.018494700077102,0.000453650210084,-7.698184119251642,0.5353561872373943,-0.6248229830758304,0.002513505164298646,0.06636891960098044,0.0638554144366818,0.3411188207592475,0.021570953823309726,0.3195478669359378,-1.5067647420292616,-2.6433176831529326
2005-08-01,8.020527352426326,2.0820041743833038,0.0215538060661764,-3.837202862427246,0.539528378939075,-0.61705989337069,0.0027462256680252286,0.0015966351395955878,-0.0011495905284296408,0.30826040861326354,0.023259405797901554,0.285001002815362,-1.5016877067008707,-2.699064067753994
2005-09-01,8.028032502914707,2.0829394796198053,0.0053059688813025,-5.2389228880967345,0.5401688075105037,-0.6158735817741159,0.0027877772023216616,0.005006148264305123,0.0022183710619834616,0.262474720823992,0.024856225804699268,0.23761849501929272,-1.4952521842890343,-2.6988130613939214
2005-10-01,8.067790359853445,2.087879635601353,0.0005298056722689,-7.5430002747493035,0.5402528411239491,-0.6157180247030019,0.002621560704951669,0.029234033663259086,0.026612472958307418,0.1809680385799286,0.02621192138841722,0.1547561171915114,-1.4941833059829845,-2.7035976603043546
2005-11-01,8.287684111456786,2.1147705708256153,0.018925790835084,-3.9672296926805104,0.1056803679096633,-2.247336137418494,0.0031450491440728496,0.08989896596500924,0.08675391682093639,0.2200881482488995,0.027866415295427906,0.19222173295347159,0.17008486970618275,-4.362106708244109
2005-12-01,9.059324874104384,2.2037946000713213,0.007254372242647,-4.9261509239366434,0.1061811924894952,-2.242608281059999,0.003319484410342076,-0.03217588791894933,-0.035495372329291404,0.18535265445222449,0.02947070482718666,0.15588194962503782,0.18085540413931867,-4.44640288113132
2006-01-01,8.771851602793053,2.1715479132662905,0.000641412815126,-7.351837290976534,0.1063699398634448,-2.2408322620713155,0.0033360957060234084,0.037188670608534743,0.03385257490251133,0.23468414434112198,0.031233039544918278,0.2034511047962037,0.17946115337993218,-4.412380175337606
2006-02-01,9.076563450805216,2.205695646392698,0.0267152514443277,-3.622520661513844,0.11139966517857089,-2.1946309570718285,0.0036018389166028258,-0.01657320255060083,-0.020175041467203655,0.2118975472782178,0.03297826969336261,0.1789192775848552,0.1628028340465475,-4.400326603464526
2006-03-01,8.921491874718427,2.1884631831360792,0.0059857945115546,-5.11836619831416,0.1124351536239491,-2.185378635758622,0.003701474416813936,0.008323210416759392,0.004621735999945456,0.2652359103026743,0.034556998729197964,0.23067891157347634,0.16712080920268457,-4.373841818894701
2006-04-01,8.995511093247337,2.196725685493414,0.0005416228991596,-7.520940556684675,0.1117825800945373,-2.191199543509157,0.003867511526489292,-0.018354277795741752,-0.022221789322231046,0.22436893488320733,0.03621029676998862,0.1881586381132187,0.19321278348552418,-4.387925229002571
2006-05-01,8.810198164858049,2.1759099328685654,0.0221694977678571,-3.8090379092931,0.11533698634453729,-2.1598971195865686,0.0038343063099467263,-0.030072980254916032,-0.033907286564862756,0.11339212668172269,0.03779713053945597,0.07559499614226672,0.16274851597123852,-4.335807052455134
2006-06-01,8.543002846869914,2.1451125674094955,0.0063842892594537,-5.053915109796296,0.1164612626050415,-2.150196571098002,0.003950519744350399,0.010806551925579357,0.006856032181228959,0.15124678706381503,0.03942534891423872,0.11182143814957632,0.16282928119824147,-4.2953091385074975
2006-07-01,8.633154863546437,2.1556100076476215,0.002641150210084,-5.936540771069462,0.1186487626050415,-2.131587725105092,0.0037761945277663793,-0.0168623270798185,-0.020638521607584878,0.06801554038301608,0.04068803827770645,0.027327502105309626,0.14977587600615072,-4.2871977327527135
2006-08-01,8.466159770593924,2.1360770139492335,0.02308709375,-3.7684815297133785,0.1201820502888651,-2.118747600071561,0.004323971480054458,0.051674358202911025,0.04735038672285657,0.11809326344633152,0.042265784089735685,0.07582747935659584,0.15385815750026643,-4.254824614020794
2006-09-01,8.908592904957025,2.1870163058866354,0.0062254762342436,-5.079105336064661,0.1211015576418062,-2.11112576606315,0.004216099747737239,0.04619437238394268,0.04197827263620544,0.15928148756596908,0.043694106635151254,0.11558738093081783,0.157238016431831,-4.298142071949785
2006-10-01,9.329062756088351,2.2331345549460524,0.0006781775210084,-7.296101473899604,0.1212499294905457,-2.1099013306859864,0.003826004833529043,0.054315374451722714,0.05048936961819367,0.1843628283544327,0.04489855076372863,0.13946427759070407,0.5021442134323388,-4.343035885632039
2006-11-01,9.82561648146351,2.2849929019918016,0.0229499456407563,-3.7744397110728847,0.125274084296218,-2.0772512677123114,0.00431567406760243,0.01969753530629897,0.015381861238696542,0.11416139769572244,0.04606917568725821,0.06809222200846422,0.47787614626685304,-4.3622441697041126
2006-12-01,10.011690143464492,2.30375342457528,0.0092110424107142,-4.687352252631607,0.1272307544642852,-2.0617528769206803,0.004332268823660005,-0.0008063028264582146,-0.0051385716501182194,0.14553098278821355,0.047081960100576144,0.09844902268763742,0.47176498106671616,-4.3655063014959605
2007-01-01,10.002931551835616,2.3028782052160226,0.0006899947478991,-7.278826572142373,0.1272793363970583,-2.0613711086913833,0.003950519744350399,0.027034043817780583,0.023083524073430187,0.13537635599745937,0.04769638413890313,0.08767997185855624,0.4751042698998622,-4.364249313907406
2007-02-01,10.245766918354924,2.326864636708085,0.0305315580357142,-3.488994440595653,0.13109564298844478,-2.031828123025281,0.004149711359042041,-0.039311636881632056,-0.043461348240674096,0.11263792166642814,0.04824425658134235,0.06439366508508579,0.46054319900234164,-4.358692759733366
2007-03-01,9.843331784189935,2.28679424970775,0.0077769268644957,-4.856594023390224,0.1328867753413859,-2.018257826555937,0.004365457509639998,0.0031183124688309648,-0.0012471450408090335,0.10743302371849973,0.04890823967416841,0.05852478404433133,0.45422255313367543,-4.305052076263687
2007-04-01,9.870802302289158,2.2895811371011723,0.0032628676470588,-5.725148823928571,0.1356080200892851,-1.9979867600236327,0.004216099747737239,0.10337468734652777,0.09915858759879054,0.22916198886076924,0.049256827895416355,0.1799051609653529,0.46463517616215255,-4.287567897124805
2007-05-01,10.921145694784254,2.3907008819181295,0.0222832061449579,-3.803921971899082,0.13572172846638592,-1.99714860361533,0.0039007156404820623,0.04085018770104586,0.0369494720605638,0.30008515681673115,0.049323237225951694,0.2507619195907794,0.48370964549539996,-4.38784948553346
2007-06-01,11.368479681929117,2.4308445857111542,0.0077183398109243,-4.864155988470512,0.1370557790178565,-1.9873672898997605,0.003992021269537457,0.00046146463064870315,-0.0035305566388887533,0.28974006952180054,0.049364738751138754,0.24037533077066178,0.48001343527946316,-4.418211875610915
2007-07-01,11.370321817790009,2.431006611477107,0.0034046743697478,-5.682605976920657,0.1378193031775203,-1.9818118490989414,0.0035603211947572437,0.011943459404233617,0.008383138209476374,0.3185458560058526,0.049148865418129614,0.269396990587723,0.46641104232111696,-4.412818460576048
2007-08-01,11.481249644225384,2.4407152389938522,0.0254391733193277,-3.6714650363476453,0.14017138274684798,-1.9648894425712944,0.00419950306375443,0.008493532896919192,0.0042940298331647616,0.27536503069986074,0.04902439700182959,0.22634063369803115,0.47030742466513353,-4.405604681565147
2007-09-01,11.571344187123184,2.4485317131196993,0.007776112920168,-4.856698690302894,0.1417220194327724,-1.9538877496313192,0.0033444012503896525,0.0720797233346266,0.06873532208423695,0.3012503816505447,0.048152698504482006,0.2530976831460627,0.46527750263534284,-4.402419462751018
2007-10-01,12.37279895884024,2.5155004307235487,0.0592925997899159,-2.8252707735158737,0.20033644170167988,-1.6077571172536476,0.0029290395058797912,0.09284239760323348,0.0899133580973537,0.3397774048020555,0.04725573317683275,0.29252167162522275,-0.17555380240301788,-4.123257547977197
2007-11-01,13.549554222490356,2.606353648075337,0.0246362221638655,-3.703537473343418,0.2020227182247891,-1.5993751214454583,0.0032447301648890294,-0.031035782043010444,-0.034280512207899475,0.28904408745274607,0.04618478927411935,0.24285929817862673,-0.1623351433003466,-4.205728769520795
2007-12-01,13.124723959072425,2.5744977765667985,0.0111164042804621,-4.499333398524101,0.203928080094537,-1.5899878958539642,0.0030204338934973107,0.029475521910775498,0.026455088017278187,0.31932591218997974,0.044872954343956654,0.2744529578460231,-0.17152881390815589,-4.164485672420763
2008-01-01,13.515846448410455,2.6038628080602573,0.0014502363445378,-6.536028739599131,0.20468832169117568,-1.586266838791521,0.0022973590486834584,-0.15411198615968918,-0.15640934520837263,0.13817988221251,0.04321979364828972,0.0949600885642203,-0.17375668970399083,-4.190129646851778
2008-02-01,11.556711683331542,2.4472663663196097,0.0336212681197479,-3.3925964325057643,0.2077780317752094,-1.5712849240229394,0.0014572709979784038,-0.07112448246553697,-0.07258175346351538,0.1063670366286051,0.04052735328722608,0.06583968334137902,-0.16703960773480753,-4.018551290342549
2008-03-01,10.754652543697787,2.375338455707617,0.0092887183560924,-4.6789546951901055,0.20928982326680612,-1.5640352734222618,0.0017235138962738159,0.06174435919048332,0.06002084529420951,0.16499308335025745,0.03788540967385989,0.12710767367639755,-0.13386727305333013,-3.939373729129879
2008-04-01,11.429222641191876,2.436173465099496,0.0097841890756302,-4.626987555801346,0.21581114469537752,-1.5333515838614802,0.0012908331829227133,0.0792180527761322,0.07792721959320949,0.14083644877986187,0.03496014310904537,0.1058763056708165,-0.20961950541242302,-3.969525048960976
2008-05-01,12.342699944386023,2.5130647906863497,0.0266236440388655,-3.6259555843671563,0.2201515825892851,-1.5134389581199301,0.0010244750461878682,0.006217454878069045,0.005192979831881177,0.10620371595688505,0.03208390251475118,0.07411981344213386,-0.20744539010592056,-4.02650374880628
2008-06-01,12.410567286134768,2.5185483101890593,0.0090620691964285,-4.703657796877081,0.2214953119747893,-1.5073538546202974,0.0016486402455243704,-0.0781678332663247,-0.07981647351184908,0.02757441805991165,0.029740521490738088,-0.0021661034308264396,-0.21151438176218318,-4.025902164809357
2008-07-01,11.475900054838853,2.4402491890221887,0.0016294642857142,-6.419503977254738,0.2197201018907557,-1.5154008067778244,0.0015987213636970735,-0.052694653580566915,-0.05429337494426399,-0.03706369492488888,0.027778921659677918,-0.0648426165845668,-0.2029804800689654,-3.9556499958000133
2008-08-01,10.858394132434007,2.3849384336303316,0.0300614276523109,-3.504512402361569,0.22434235622373888,-1.4945820179061609,0.0012658651212337166,0.02129963059724583,0.020033765476012114,-0.02425759722456225,0.024845283717157204,-0.049102880941719454,-0.20326092722188505,-3.8795204515364925
2008-09-01,11.082846227368073,2.4053985280575505,0.0091198423056722,-4.697302766090104,0.22568608560924308,-1.4886102469959763,0.0013574116331674243,-0.12849529086698844,-0.12985270250015588,-0.22483261142617728,0.022858294099934975,-0.24769090552611225,-0.20749154074317877,-3.8940087750535266
2008-10-01,9.744967619191948,2.276751010141479,0.0016872373949579,-6.384662765130022,0.1680807232142851,-1.7833109196566654,0.0005498488054355172,-0.1378829272256669,-0.1384327760311024,-0.4555579362550777,0.0204791033994907,-0.4760370396545684,0.10340444228086154,-4.060061929798144
2008-11-01,8.465233306952229,2.135967576569996,0.028306371980042,-3.564668341371901,0.1717508730304616,-1.761710264745805,9.999500033329732e-05,-0.17373613086258952,-0.17383612586292282,-0.5982582850746567,0.01733436823493497,-0.6155926533095917,0.073181644729849,-3.897677841315801
2008-12-01,7.105827353843839,1.9609152014753501,0.0111496507352941,-4.496347105755492,0.1717841194852936,-1.76151670976212,7.499718764066433e-05,0.09893000358998205,0.09885500640234139,-0.5288038033954502,0.014388931529078323,-0.5431927349245285,0.06938124388029188,-3.72243191123747
2009-01-01,7.842871405450361,2.0596050180041017,0.0017069327731092,-6.373057219009691,0.172040815913865,-1.760023528495512,9.166246553444607e-05,-0.04584870441132671,-0.045940366876861156,-0.42054052164708766,0.01218323494592931,-0.432723756593017,0.06867217906435163,-3.8196285464996134
2009-02-01,7.455854762310333,2.0089995978896944,0.037395178177521,-3.28621350860802,0.1758147259716381,-1.738324531757747,0.00012499218815091137,-0.02400676692001979,-0.0241317591081707,-0.3734228061015705,0.01085095613610182,-0.38427376223767234,0.056322958914157395,-3.747324129647441
2009-03-01,7.262882229848568,1.982776751409069,0.0165410887605042,-4.101907765645875,0.1830670963760499,-1.697902546475592,0.00013332444523447422,0.11641321486955884,0.11627989042432436,-0.318753950422495,0.009260766685062476,-0.3280147171075575,0.020855677748175205,-3.680679297884661
2009-04-01,8.157629439587696,2.0989536169154044,0.0017167804621848,-6.367304566520258,0.1749996877626045,-1.7429710892739032,0.00014998875112496793,0.08202852885602537,0.0818785401049004,-0.31594347434260184,0.00811992225326473,-0.3240633965958666,0.06611737112650662,-3.8419247061893076
2009-05-01,8.821980583653666,2.1772464007795853,0.0305318173581932,-3.48898594704359,0.17890786108193218,-1.7208843482258507,4.999875004177061e-05,0.06877881621158416,0.06872881746154239,-0.2533821130090867,0.007145445957118634,-0.26052755896620533,0.05030974929882093,-3.898130749005436
2009-06-01,9.44001571304251,2.244957644673239,0.009423131302521,-4.664587835595764,0.1792689231880247,-1.7188682363824805,0.00010832746570159093,0.01572382083249138,0.01561549336678979,-0.15949045891027064,0.005605133177295854,-0.1650955920875665,0.05414732609875306,-3.96382588105572
2009-07-01,9.587878266098995,2.260499620006242,0.0017167804621848,-6.367304566520258,0.1793562393644953,-1.7183812868467898,0.00010832746570159093,0.06401906663277097,0.06391073916706938,-0.04277673869693274,0.004114739279300372,-0.046891477976233116,0.0543712980678428,-3.978880906853032
2009-08-01,10.185868797589,2.3210013477186475,0.0337831960346638,-3.387791758855302,0.1830780077468482,-1.697842945128046,0.00011665986164048395,0.023342521770741066,0.023225861909100583,-0.04073384752343751,0.0029655340197071393,-0.04369938154314465,0.04742347236469646,-4.018844292846693
2009-09-01,10.4167765225949,2.3434176336278005,0.009438887605042,-4.662917144217164,0.183397053046218,-1.696101787739155,6.666444454319759e-05,0.0513239254313753,0.05125726098683211,0.13908536877492622,0.0016747868310829125,0.1374105819438433,0.050902555316282516,-4.039519421366956
2009-10-01,10.960437865880856,2.39429223198834,0.0046815913865546,-5.364117186990939,0.1863914070378147,-1.679906477375804,2.4999687505149974e-05,0.04134456495682333,0.04131956526931818,0.3183128609574165,0.0011499377131525452,0.317162923244264,0.11577053395362258,-4.074198709364144
2009-11-01,11.395324755084363,2.4332031620795456,0.0267061871060924,-3.622860013600506,0.18479122216386512,-1.688528620015956,8.333298611358605e-06,0.10230842040703603,0.10230008710842467,0.594357412227042,0.0010582760114306066,0.5932991362156114,0.15534835816037207,-4.121731782095502
2009-12-01,12.6112837560334,2.534591949397264,0.0104843378413865,-4.557872769566071,0.1841259092699575,-1.6921354658818282,7.499718764066433e-05,0.028461791229425246,0.028386794041784583,0.5238891998664852,0.0010582760114306066,0.5228309238550546,0.1684816561763287,-4.226727415279092
2010-01-01,12.973475787084269,2.562906949094363,0.0018513655462184,-6.291831779087126,0.18427034204306672,-1.6913513494311603,3.333277779011948e-05,-0.07457844305596965,-0.07461177583375977,0.49515946122184223,0.0009999463236862799,0.49415951489815596,0.1667420539245641,-4.2542582985255235
2010-02-01,12.004927468595696,2.4853171878886755,0.039126144170168,-3.2409643865834608,0.1860013080357137,-1.6820015728435895,4.166579863527393e-05,0.041651048241795656,0.041609382443160384,0.5608172763836576,0.0009166199341706425,0.5599006564494869,0.1926715236549501,-4.167318760732265
2010-03-01,12.497323203307552,2.525514477640816,0.0174649570640756,-4.047558859124554,0.1869251763392851,-1.6770468687274167,7.499718764066433e-05,0.05537038057267541,0.055295383385034744,0.49977444208677424,0.0008582926765768326,0.4989161494101974,0.17030585723321234,-4.202561346368233
2010-04-01,13.206968499480611,2.580744606920685,0.0017528886554621,-6.346490191624991,0.1869612845325624,-1.6768537181473966,0.00013332444523447422,0.010499557884232204,0.01036623343899773,0.4282454711149811,0.0008416283706863389,0.42740384274429477,0.21861669895615687,-4.257598325068082
2010-05-01,13.314398957353804,2.5888460779807123,0.031709462972689,-3.451140126157472,0.1881389301470582,-1.6705745989270298,0.00011665986164048395,-0.11676674150974554,-0.11688340137138603,0.2426999133936514,0.0009082894822850522,0.24179162391136635,0.24152416181846847,-4.259420676907742
2010-06-01,11.837695231191624,2.4712889509795004,0.0105276676733193,-4.553748470881501,0.1892434665178565,-1.6647209102837275,0.00011665986164048395,-0.05472626972362745,-0.05484292958526794,0.17224982283753257,0.0009166218782239452,0.17133320095930862,0.24352274862821854,-4.1360098612632274
2010-07-01,11.205517575993914,2.416406297707194,0.0018513655462184,-6.291831779087126,0.1893780516018901,-1.664009988778947,0.00013332444523447422,0.10055799185087531,0.10042466740564084,0.2087887480556369,0.0009416188577568284,0.2078471291978801,0.24540813133756778,-4.080416286486141
2010-08-01,12.350831909422144,2.513723421892143,0.0363745102415966,-3.31388701772967,0.1919693658088229,-1.6504194727633494,0.00011665986164048395,0.007820480624150597,0.007703820762510113,0.19326670690904646,0.0009416188577568285,0.19232508805128964,0.2886841771942523,-4.164142894655493
2010-09-01,12.437283289744007,2.520698678392732,0.0104436340598739,-4.561762667070687,0.1929741122636548,-1.6451992324228726,0.00013332444523447422,0.08270696189217128,0.0825736374469368,0.2246497433698424,0.0010082788584481052,0.2236414645113943,0.27511301013565803,-4.1658979108156045
2010-10-01,13.4869223368675,2.601720500148415,0.0209762342436974,-3.864365184798823,0.2092687551207976,-1.5641359434221813,0.00012499218815091137,0.079107413802865,0.07898242161471408,0.2624125922158841,0.0011082713590938665,0.26130432085679023,0.1241968672643825,-4.165856443570596
2010-11-01,14.561236551211472,2.678362967130185,0.0332855530462184,-3.402631818588509,0.2158481210609236,-1.5331802618555839,0.00011665986164048395,0.010786692523433122,0.010670032661792637,0.17089086433228118,0.001216597922122992,0.16967426641015818,0.1713319554685273,-4.211543228985769
2010-12-01,14.706478691127682,2.688288123980543,0.0125504302783613,-4.378000328863675,0.21791421349789838,-1.5236538097054995,0.00014165663289210744,0.03760793966545689,0.03746628303256478,0.18003701276831283,0.001283257367374435,0.17875375540093838,0.1498458305349859,-4.211941933686043
2011-01-01,15.268384735006055,2.725784333347662,0.0016432510504201,-6.411078651587505,0.21770609900210008,-1.5246092955065962,5.8331632010544744e-05,0.04944377055321119,0.04938543892120065,0.30405922637749366,0.0013082562215948601,0.3027509701558988,0.15881405504885793,-4.250393628854258
2011-02-01,15.99311391478639,2.772158249273737,0.0469437398897058,-3.058805417900375,0.22552369472163789,-1.4893300491886394,0.00013332444523447422,-0.006307790826830377,-0.006441115272064851,0.25610038730886764,0.0013999148681940604,0.25470047244067356,0.1819548210064066,-4.2614882984623765
2011-03-01,15.8790746186586,2.765002180736811,0.0135723577993697,-4.299720069353593,0.221631095456932,-1.5067410114942044,5.8331632010544744e-05,0.029458722127504812,0.029400390495494266,0.23018872886369704,0.001383249312563941,0.2288054795511331,0.1888025023407378,-4.271743192231015
2011-04-01,16.340671072017493,2.7936571578674534,0.0127678571428571,-4.360824427023282,0.232646063944327,-1.4582370191912397,2.4999687505149974e-05,0.023035085285482575,0.023010085597977424,0.24272425626494742,0.0012749245548346168,0.24144933171011282,0.15184952620236825,-4.251894177058693
2011-05-01,16.68204255799661,2.8143328449489204,0.0385996680672268,-3.2545116018429687,0.2395362690388648,-1.4290504371085613,1.6666527779430154e-05,-0.03712212246718548,-0.03713878899496491,0.32236887530750746,0.0011749312209735627,0.3211939440865339,0.17856489123925456,-4.243383282057482
2011-06-01,16.06216854891669,2.7764667273556336,0.0124159764968487,-4.388771208515948,0.24142457786239419,-1.421198161655509,3.333277779011948e-05,0.018208652933824874,0.018175320156034753,0.3953037979649598,0.0010916041371231984,0.39421219382783657,0.16148179434653742,-4.1976648890111425
2011-07-01,16.354793828794683,2.7945210549062858,0.0024789915966386,-5.999903415753869,0.2420522039128144,-1.4186018574413792,8.333298611358605e-06,0.022398819726398095,0.022390486427786738,0.3171446258404826,0.0009666129905000828,0.3161780128499825,0.16400673685565614,-4.213122912347665
2011-08-01,16.673731729693458,2.8138345307198187,0.0505380871848739,-2.9850280252873183,0.2562157808560917,-1.3617352955690971,0.00010832746570159093,-0.04750532392486412,-0.04761365139056571,0.26181882129146783,0.0009582805945611898,0.2608605406969066,0.1685926532315669,-4.175569826288916
2011-09-01,15.892237272277912,2.76583076813777,0.0083129040178571,-4.789946270529302,0.2540850508140749,-1.3700862222872146,1.6666527779430154e-05,-0.05685080421127876,-0.05686747073905819,0.12226105518801783,0.0008416226771061458,0.12141943251091168,0.2002597351101174,-4.135916990424985
2011-10-01,15.010332275604627,2.708738782349361,0.0038333771008403,-5.564009114735709,0.2369421936712178,-1.4399390761577988,1.6666527779430154e-05,0.07371674778976313,0.0737000812619837,0.11687038917491595,0.0007332970167346645,0.11613709215818128,0.39845015681677465,-4.14867785850716
2011-11-01,16.10229869102355,2.7789620376388893,0.0525301867121848,-2.946367289631097,0.25618682733718423,-1.3618483063870566,8.333298611358605e-06,0.017591287725439095,0.017582954426827738,0.12367498437692193,0.0006249704537055393,0.12305001392321639,0.7764896361617007,-4.140810344025946
2011-12-01,16.37839724737055,2.7959632254916054,0.0095047685136554,-4.655961657503973,0.2531411655724783,-1.3738079791705136,1.6666527779430154e-05,0.012574645604024704,0.012557979076245274,0.09864169031548974,0.000499980348592862,0.09814170996689688,0.9881028343629779,-4.169771204662119
2012-01-01,16.58192464324231,2.8083132251922227,0.0036797531512605,-5.604909607512979,0.2551776676733187,-1.3657952404577383,8.333298611358605e-06,0.07791538205258182,0.07790704875397046,0.12711330181486036,0.0004499820151936758,0.1266633197996667,0.978802254032302,-4.174108465649961
2012-02-01,17.858486480823082,2.8824788283424736,0.0622952749474789,-2.775869699604661,0.2705292027310918,-1.3073752281822328,4.166579863527393e-05,0.0872757109936441,0.08723404519500882,0.22069680363533484,0.0003583233685944755,0.22033848026674036,0.9521114472606136,-4.189854056524706
2012-03-01,19.4754344681904,2.9691539005292995,0.010729722032563,-4.534737628307612,0.2676865669642851,-1.3179385091534666,5.8331632010544744e-05,0.05592900285846581,0.05587067122645527,0.24716708436629584,0.0003583233685944755,0.24680876099770135,0.9645832429348824,-4.287092409682766
2012-04-01,20.578934602447227,3.0242679604772937,0.0158778361344537,-4.142831096021316,0.2707965459558817,-1.3063874929888715,4.166579863527393e-05,-0.00336192533847864,-0.003403591137113914,0.22077007374233462,0.00037498947972459945,0.22039508426261004,0.9544734208577257,-4.330655453466165
2012-05-01,20.45602062612991,3.018277246305248,0.0541688415178571,-2.915649415587588,0.286365719406512,-1.2504855458693067,5.8331632010544744e-05,-0.02480461675307398,-0.024862948385084526,0.23308757945644612,0.00041665458395571405,0.23267092487249041,0.9764899603278138,-4.268762792174555
2012-06-01,19.94531767792655,2.992994412928021,0.0097847485556722,-4.626930375380753,0.28373449146533547,-1.2597163673089715,2.4999687505149974e-05,0.07132034974553987,0.07129535005803472,0.2861992762681611,0.00040832149367074454,0.28579095477449035,0.9955398837834357,-4.252710780236993
2012-07-01,21.41555341141408,3.064117452966167,0.0039357930672268,-5.537642875557647,0.2851912929359237,-1.254595120585723,3.333277779011948e-05,-0.01756109802058702,-0.01759443079837714,0.246239358521176,0.00043332097284950544,0.2458060375483265,0.9935465131216432,-4.31871257355189
2012-08-01,20.975551952302705,3.0433575667771358,0.0686135003939075,-2.679265964867623,0.3032667061449573,-1.1931426423375302,5.8331632010544744e-05,0.024387650802114736,0.02432931917010419,0.3181323332481549,0.0003833251391584592,0.3177490081089964,0.946847243432184,-4.236500209114666
2012-09-01,21.477547931093564,3.0670081072162616,0.0154669964548319,-4.169046786134675,0.31042079858193206,-1.1698264871770971,7.499718764066433e-05,0.024469387260835248,0.024394390073194584,0.3994525247202689,0.0004416557990196934,0.3990108689212492,0.9233890893155273,-4.2368345943933585
2012-10-01,21.962185913070783,3.089322152355555,0.0463413865546218,-3.0717198390914495,0.35292880803571364,-1.0414889193410242,4.166579863527393e-05,-0.02532595030089342,-0.025367616099528693,0.30040982662961235,0.00046665506987553717,0.2999431715597368,0.7427514716622625,-4.130811071696579
2012-11-01,21.165751415085705,3.052384376063479,0.2565074590336134,-1.3605975347410557,0.5569060803571422,-0.5853586702253558,4.999875004177061e-05,0.034614504174946006,0.03456450542490424,0.31743304307911924,0.0005083205213059492,0.3169247225578133,0.017934070843297456,-3.637743046288835
2012-12-01,21.77483638131036,3.080755008648814,0.1325696772584033,-2.020646905673827,0.6799709891018901,-0.38570514480753565,9.166246553444607e-05,-0.02122379210079209,-0.02131545456632654,0.2836346053743024,0.0005833164590609651,0.28305128891524145,-0.40709413950408885,-3.4664601534563495
2013-01-01,21.31481612848603,3.0594024237894444,0.0028046218487394,-5.876486562379241,0.679095857799369,-0.3869929864254363,1.6666527779430154e-05,0.05953158855023184,0.05951492202245241,0.2652508118719525,0.0005916496882290366,0.26465916218372343,-0.3974897997093653,-3.4463954102148806
2013-02-01,22.53325131650576,3.1149920545741443,0.0841879285714285,-2.474703734146816,0.7009885114233185,-0.3552637809216193,1.6666527779430154e-05,-0.0009205971360413908,-0.0009372636638208209,0.17705450374226697,0.0005666504173731929,0.17648785332489378,-0.41288282331555687,-3.4702558354957636
2013-03-01,22.500465529149068,3.1135359991807388,0.0120688463760504,-4.417127826232559,0.702327635766806,-0.35335526621858415,5.8331632010544744e-05,0.007320830213938572,0.0072624985819280275,0.12844633109773973,0.0005666504173731928,0.12787968068036654,-0.39993925610083214,-3.466891265399323
2013-04-01,22.64878994112975,3.1201064262692357,0.016890756302521,-4.080988771040546,0.7033405559348733,-0.3519140721311458,4.999875004177061e-05,0.04136745728561161,0.04131745853556984,0.17317571372183,0.0005749833687796896,0.1726007303530503,-0.3966131422159147,-3.4720204984003815
2013-05-01,23.490069013581994,3.1565777366648877,0.1111637173056722,-2.1967512336299797,0.7603354317226884,-0.27399558554149295,2.4999687505149974e-05,0.058971731213222946,0.0589467315257178,0.2569520616881269,0.0005416514242742948,0.2564104102638526,-0.5332442046884445,-3.4305733222063806
2013-06-01,24.89865525828345,3.2148137963208745,0.0172873337710084,-4.0577811975973805,0.7678380169380247,-0.26417648352553585,2.4999687505149974e-05,0.002283356308187589,0.002258356620682439,0.18791506825077464,0.0005416514242742948,0.18737341682650036,-0.5359482999939618,-3.4789902798464105
2013-07-01,24.94921858366892,3.2168425024152416,0.0063412552521008,-5.060678540839948,0.7702434791228986,-0.2610486074640799,8.333298611358605e-06,0.07400598305267475,0.0739976497540634,0.2794821493240364,0.0005166519450955339,0.2789654973789409,-0.5251295411695243,-3.4778911098793213
2013-08-01,26.779713794722085,3.2876446529289227,0.0800613013392857,-2.5249626709996544,0.7816912800682767,-0.2462953989053463,1.6666527779430154e-05,0.011129362156310947,0.011112695628531517,0.2662238606782326,0.0004749868408644193,0.26574887383736817,-0.5308027016659389,-3.533940051834269
2013-09-01,27.06390063848127,3.298200760117887,0.0153560049894957,-4.176248676922064,0.7815802886029406,-0.24643739786156982,1.6666527779430154e-05,0.07100805100164094,0.07099138447386151,0.3127625244190383,0.00041665618100318515,0.3123458682380351,-0.5167950834645866,-3.5446381579794566
2013-10-01,29.048536546778774,3.368968104981752,0.0065152310924369,-5.033612598207558,0.7417541331407557,-0.2987374476787617,8.332986130410212e-05,0.04217179690105838,0.042088467039754274,0.3802602716209901,0.0004583202436720133,0.37980195137731804,-0.46722391169047134,-3.6677055526605136
2013-11-01,30.214744752852106,3.4083300420814013,0.0817370962447478,-2.5042473257644096,0.5669837703518901,-0.5674245993820584,2.4999687505149974e-05,0.04629786671039557,0.04627286702289042,0.3919436341564396,0.0004333211811353927,0.39151031297530425,0.01657961097501115,-3.9757546414634595
2013-12-01,31.62749985962355,3.4540269908682575,0.018162038077731,-4.008421683156242,0.4525761311712178,-0.7927992843116245,4.166579863527393e-05,0.019862433948302012,0.01982076814966674,0.4330298602055338,0.00038332451423622055,0.4326465356912976,0.24596474673102686,-4.246826275179882
2014-01-01,32.255264428099856,3.4736812680005116,0.0065841649159663,-5.023087767931043,0.4563556742384447,-0.7844827861348016,8.333298611358605e-06,0.002552467849289047,0.0025441345506776888,0.37605073950459095,0.00037499128506814897,0.3756757482195228,0.23976489079531615,-4.258164054135313
2014-02-01,32.2460221277409,3.4733946907579254,0.0917042648371848,-2.3891863922168595,0.463872010504201,-0.7681466042371762,2.4999687505149974e-05,0.07198938440983231,0.07196438472232716,0.4489607210504647,0.00038332444479386883,0.4485773966056708,0.3673132977917991,-4.241541294995102
2014-03-01,34.63257548850844,3.5447947272489126,0.0190097271533613,-3.962804475380104,0.47081289128151194,-0.7532945223194163,3.333277779011948e-05,-0.01637044859206523,-0.01640378136985535,0.42526944224446084,0.00035832559057344355,0.4249111166538874,0.3611626616063593,-4.298089249568329
2014-04-01,34.051420657449405,3.527871754410893,0.0191406249999999,-3.9559422393629866,0.47306275997899083,-0.7485272143470605,1.6666527779430154e-05,-0.02290664944993643,-0.02292331597771586,0.36099533550891283,0.0003249933683111031,0.36067034214060173,0.36306533594149,-4.276398968757953
2014-05-01,33.198203385658864,3.502495759568386,0.0841886213235294,-2.4746955055413324,0.446087663996848,-0.8072397902299374,1.6666527779430154e-05,0.04844351607502451,0.048426849547245084,0.35046712037071437,0.00031666020858538325,0.350150460162129,0.4262276522858028,-4.309735549798323
2014-06-01,34.8245566472286,3.550322788708409,0.0204725685399159,-3.8886694089239158,0.4492728987657555,-0.8001247835194977,4.166579863527393e-05,0.027219439236713244,0.027177773438077972,0.37540320329924004,0.00033332631971550727,0.37506987697952454,0.4271951655039772,-4.350447572227907
2014-07-01,35.7724847623828,3.5771790158396937,0.0126509978991596,-4.3700191816108305,0.4555826414128143,-0.7861781486336041,2.4999687505149974e-05,0.0065534335159065284,0.006528433828401379,0.3079506537624718,0.0003499927086092986,0.3076006610538625,0.40695067187445355,-4.363357164473298
2014-08-01,35.92311574085107,3.5813809807872135,0.0842168513655462,-2.474360242775456,0.4597381914390748,-0.7770981005712851,8.333298611358605e-06,0.039791677721534725,0.03978334442292337,0.3366129693276956,0.000341659479441227,0.3362713098482544,0.4232478982846812,-4.358479081358499
2014-09-01,37.35873255682248,3.620566687646587,0.0217749582457983,-3.826994673774764,0.46615714469537745,-0.7632324813261564,1.6666527779430154e-05,-0.020084457349130728,-0.020101123876910158,0.24552046097692395,0.000341659479441227,0.24517880149748272,0.4099453004606307,-4.383799168972743
2014-10-01,36.61074760937358,3.6003418478297755,0.0052448792016806,-5.25050306853721,0.46488679280462114,-0.765961359369233,8.333298611358605e-06,0.041800388552293274,0.04179205525368192,0.24514905262815884,0.0002666629167484835,0.24488238971141035,0.417678189749905,-4.366303207199008
2014-11-01,37.97302000953996,3.6368759078082484,0.1933128038340336,-1.6434456568133708,0.5764625003939069,-0.5508449884070472,8.333298611358605e-06,0.013182299126250657,0.013173965827639298,0.21203348504401393,0.0002499965278546922,0.21178348851615925,0.06838339084539363,-4.187720896215295
2014-12-01,38.4561664948099,3.649519060070791,0.0204785546218487,-3.888377056406414,0.5787790169380246,-0.5468345375805976,8.333298611358605e-06,-0.010728454286723903,-0.010736787585335262,0.18144259680898803,0.00021666402783077684,0.18122593278115726,0.07432874187020067,-4.196353597651389
2015-01-01,38.03807091003111,3.6385875242469927,0.0078105304621848,-4.852282396542721,0.5800053824842432,-0.5447178953394854,2.4999687505149974e-05,-0.04033793824988504,-0.04036293793739019,0.13855219070981395,0.0002333304167245682,0.13831886029308937,0.0739197438218151,-4.183305419586478
2015-02-01,36.36076940260357,3.5934904297730608,0.1814605790441176,-1.7067168442167715,0.6697616966911759,-0.40083330644537707,8.333298611358605e-06,0.09296785956884623,0.09295952627023488,0.15953066586882786,0.00021666402783077684,0.1593140018409971,-0.1783362664687944,-3.994323736218438
2015-03-01,39.87600382935537,3.685774735192035,0.0248630514705882,-3.69437245423001,0.6756150210084029,-0.392131860713057,1.6666527779430154e-05,-0.03344951527251977,-0.0334661818002992,0.14245159918837333,0.00019999777782008752,0.14225160141055324,-0.18867739801184552,-4.077906595905092
2015-04-01,38.54136213497454,3.651732005770441,0.0236620273109243,-3.7438837389410247,0.6801364233193272,-0.3854618784055705,1.6666527779430154e-05,0.05257827867986764,0.05256161215208821,0.2179365273181774,0.00019999777782008752,0.2177365295403573,-0.20886916549332607,-4.037193884176012
2015-05-01,40.53029711956174,3.7020497714685585,0.0872217952993697,-2.439301033204835,0.6831695972951675,-0.38101213794413463,1.6666527779430154e-05,-0.005854655676176398,-0.005871322203955828,0.16363835556697645,0.00019999777782008752,0.16343835778915636,-0.11294372983796641,-4.083061909412693
2015-06-01,40.26785125059052,3.69555341487482,0.026016675420168,-3.649017584231412,0.6887137041754197,-0.3729296180155205,1.6666527779430154e-05,-0.020696425270779806,-0.020713091798559236,0.1157224910594834,0.00017499850696424375,0.11554749255251916,-0.12513595216187057,-4.068483032890341
2015-07-01,39.43486074525706,3.6746502155962757,0.0083272058823529,-4.788227307361005,0.684389912158613,-0.3792274767591506,8.333298611358605e-06,0.05184183267263062,0.051833499374019265,0.16101089021620751,0.00015833211807045236,0.16085255809813706,-0.11673693011367842,-4.053877692355426
2015-08-01,41.42620799299955,3.7239137238530438,0.101807053702731,-2.2846758874554256,0.7019801144957978,-0.35385020228660397,3.333277779011948e-05,-0.07692106243537981,-0.07695439521316993,0.04429815005929298,0.00018333159724921326,0.04411481846204377,-0.11082228045427406,-4.077763926139648
2015-09-01,38.338615616188704,3.6464576288849577,0.0221702993697479,-3.8090017520735078,0.7023754556197472,-0.3532871808655257,8.333298611358605e-06,0.026899244300178447,0.02689091100156709,0.09128185170860215,0.0001749983680811417,0.091106853340521,-0.11713081573111006,-3.9997448097504833
2015-10-01,39.37488554868878,3.6731281904416053,0.0087683823529411,-4.736602941955701,0.7058989587710078,-0.34828316961932804,8.333298611358605e-06,0.12372572245106199,0.12371738915245063,0.17320718560737086,0.00017499836808114168,0.17303218723928973,-0.12383971627030071,-4.021411360060934
2015-11-01,44.44262345435739,3.794198996655417,0.1046759143907562,-2.256886231593172,0.6172620693277304,-0.4824615975616536,8.333298611358605e-06,0.006703879863223047,0.006695546564611688,0.16672876634434328,0.00017499836808114168,0.16655376797626215,0.043866690324881163,-4.276660594217071
2015-12-01,44.714744576980834,3.8003033035371874,0.0266545861344537,-3.6247940555788936,0.6234381008403355,-0.47250579571039697,0.00015832079993399064,-0.02100632147919047,-0.02116464227912446,0.15645089915187668,0.00032498586940377377,0.1561259132824729,0.028301740035683254,-4.272809099247584
2016-01-01,43.77655928024724,3.7790984978744135,0.008876050420168,-4.724398593422291,0.6245036207983186,-0.47079815151767035,0.00011665986164048395,-0.03345710289702861,-0.03357376275866909,0.16333173450473312,0.0004166460435391077,0.162915088461194,0.028592342120626113,-4.249896649392084
2016-02-01,42.22299576060798,3.7429649958623696,0.1173204726890756,-2.14284600582308,0.5603635144432766,-0.5791695729141715,0.00015832079993399064,0.02232842238943796,0.02217010158950397,0.09269229732532486,0.0005666335448617397,0.09212566378046312,0.15218535980269465,-4.322134568776541
2016-03-01,43.151900963732544,3.764726471338487,0.0239449842436974,-3.731996403208353,0.5594454472163858,-0.5808092587249025,0.0002416374699816223,0.04907198895912068,0.048830351489139064,0.1752138015569653,0.0007916044870639319,0.1744221970699014,0.16144912239230036,-4.345535730063389
2016-04-01,45.30531306339412,3.813424311779144,0.0161482405462184,-4.125944179754955,0.55193166045168,-0.5943310438988966,0.00016665277932077644,-0.036019662431970974,-0.03618631521129175,0.0866158604451267,0.0009415907386052781,0.08567426970652142,0.19786377746097972,-4.407755355678041
2016-05-01,43.56257014983028,3.7741982988455356,0.1454978471638655,-1.9275939886046893,0.6102077123161758,-0.49395586778210104,0.00013332444523447422,0.025512214698315612,0.025378890253081137,0.1179827308196187,0.0010582486560603223,0.11692448216355837,0.22860281818095568,-4.268154166627637
2016-06-01,44.66413732928012,3.7991708827230197,0.0235140493697478,-3.7501571909492792,0.6077050862657555,-0.49806557017739106,0.00022497469129615413,-0.017983515049178313,-0.018208489740474468,0.12069564104122021,0.0012665568195770463,0.11942908422164317,0.23450336656597554,-4.29723645290041
2016-07-01,43.85866617430157,3.7809723315446826,0.0096054359243697,-4.645426098641081,0.6089833163077722,-0.495964406872829,0.0001999800026662447,0.08371418327116534,0.0835142032684991,0.15256799163975493,0.0014582035236319322,0.151109788116123,0.2775141740848557,-4.276936738417511
2016-08-01,47.55693900256472,3.8619277089978636,0.1211646013655462,-2.1106053159481086,0.6283408639705875,-0.464672482740878,0.00016665277932077644,0.016642780047131534,0.016476127267810756,0.24613183412226627,0.0015915235251625893,0.24454031059710368,0.25882258410913517,-4.326600191738741
2016-09-01,48.33616678920738,3.878180075259171,0.0185705094537815,-3.986180469756812,0.6247410740546212,-0.47041799659663575,0.00022497469129615413,0.01680774130195345,0.016582766610657294,0.23604033112404127,0.0018081649178473848,0.2342321662061939,0.2716472040631019,-4.348598071855807
2016-10-01,49.14762096557797,3.8948284418729164,0.007704175420168,-4.865992834734123,0.623676867121848,-0.47212288588962875,0.00016665277932077644,-0.0037563087547606545,-0.003922961534081431,0.10855829991821862,0.0019664843985568027,0.10659181551966182,0.2789131382016273,-4.366951327762545
2016-11-01,48.8382054693496,3.8885129055156513,0.1259410353203781,-2.0719414552122934,0.6449419880514698,-0.4385949072367724,0.0001999800026662447,-0.017367395956066053,-0.017567375958732298,0.08448702409892953,0.0021581311026116884,0.08232889299631783,0.25637019270723516,-4.327107812752423
2016-12-01,47.97469636841733,3.870673712919433,0.023047137605042,-3.770213699244541,0.6413345395220581,-0.4442040556747137,0.00026663111743080545,0.03047218702987157,0.030205555912440764,0.13596553260799155,0.0022664414201085037,0.13369909118788303,0.26900559648358713,-4.314877768594147
2017-01-01,49.44862082995036,3.9009341674866653,0.0101588760504201,-4.589407467909845,0.6426173651523103,-0.44220580939704424,0.00036659946087198533,0.06708283057171019,0.0667162311108382,0.23650546607673034,0.002516381019340005,0.23398908505739033,0.26970082575911913,-4.34313997688371
2017-02-01,52.7439143895602,3.9654483986783338,0.1271769602153361,-2.062175774864782,0.6524738526785707,-0.42698421311147683,0.00041657988521629787,0.057085147460441556,0.05666856757522526,0.271262191147734,0.0027746401046223118,0.26848755104311167,0.26550051253232754,-4.39243261178981
2017-03-01,55.81178434255744,4.021985036024742,0.028938506302521,-3.5425821727071987,0.6574673747373944,-0.41936013633260216,0.00038325987988201794,0.014482919174454425,0.014099659294572407,0.2366731213630677,0.002916262514522708,0.233756858848545,0.2813990985607253,-4.4413451723573445
2017-04-01,56.59417070367006,4.035905988803954,0.0313731617647058,-3.461802472419325,0.6726922959558818,-0.39646726643791685,0.0006164766059098957,0.052722742133304745,0.05210626552739485,0.3254155259283434,0.003366086341111827,0.32204943958723153,0.2635086581204894,-4.43237325524187
2017-05-01,59.406374809559146,4.084401540636465,0.2397406872373949,-1.428197409612669,0.7669351360294112,-0.26535304960114536,0.0005581775232711527,0.0329978515585274,0.032439674035256244,0.3329011627885552,0.003790939419148506,0.3291102233694067,0.019488094018152685,-4.349754590237611
2017-06-01,61.373645860232216,4.116980522494213,0.0248887426470588,-3.6933396802683953,0.7683098293067222,-0.2635622036114155,0.0006830999674162353,-0.030071672613716294,-0.03075477258113253,0.32081300522401723,0.004249064695268587,0.31656394052874864,0.03915701199607974,-4.380542726105628
2017-07-01,59.5118196733108,4.0861749427949015,0.0450590861344537,-3.0997806252655113,0.8037634795168062,-0.21845023278797335,0.0006997551142732649,0.06344557135041402,0.06274581623614076,0.30054439330326593,0.0047488398068756075,0.2957955534963903,0.1317280984842703,-4.304625175582875
2017-08-01,63.27028040149632,4.147415714972843,0.1313563647584033,-2.0298413075464286,0.8139552429096633,-0.20584989863174286,0.000832986303891771,0.0015763592857722275,0.0007433729818804566,0.2854779725419066,0.005415173331446602,0.28006279921046,0.13182777290623252,-4.353265613604586
2017-09-01,63.34571368428839,4.148607243614408,0.0243530283613445,-3.7150990691642383,0.8197377618172262,-0.19877079253353386,0.0007996801705642441,0.006662830636220539,0.005863150465656295,0.2753330618761737,0.005989878810714691,0.269343183065459,0.1346207298297713,-4.3473780361479415
2017-10-01,63.75682949619133,4.155076307652617,0.0122754726890756,-4.40015209776798,0.8243090590861338,-0.19320974768800148,0.0007996801705642441,0.06184681756539779,0.06104713739483354,0.34093618819633215,0.006622906201958159,0.334313281994374,0.13177133668763064,-4.348286055340619
2017-11-01,67.68111727518193,4.214807223364752,0.1350460153623949,-2.0021397040851596,0.8334140391281507,-0.18222471452953723,0.000882943424040814,-0.008983017573872492,-0.009865960997913306,0.34932056657852567,0.007305869623332729,0.34201469695519293,0.12570951246965317,-4.3970319378942895
2017-12-01,67.04720656536207,4.205396946896524,0.028923537815126,-3.5430995580833002,0.8392904393382348,-0.17519845919112656,0.0009495490355882012,0.010673316324565415,0.009723767288977213,0.32952169587321956,0.007988787541490124,0.32153290833172943,0.14094979062710122,-4.380595406087651
2018-01-01,67.75410172606215,4.215885000009311,0.012422531512605,-4.388243397754851,0.8415540948004196,-0.17250498363792513,0.0010660981819977334,0.07959253494151432,0.07852643675951658,0.3420314002430237,0.008688286262615873,0.33334311398040783,0.1400794849170382,-4.388389983647236
2018-02-01,73.21972671727171,4.293464875334288,0.1365032656249999,-1.9914067406506235,0.8508804002100835,-0.16148370057914932,0.001174310227768634,-0.01884091067045045,-0.020015220898219086,0.2661053421121317,0.009446016605168209,0.2566593255069635,0.14936237262744237,-4.454948575913437
2018-03-01,71.80487471117692,4.273952366662886,0.0491907384453781,-3.012049916183928,0.8711326323529405,-0.13796103777187685,0.0012492194004318981,-0.020332754246622592,-0.02158197364705449,0.23128966869105466,0.01031197612571809,0.22097769256533656,0.11833386700194294,-4.411913404434763
2018-04-01,70.32462152563222,4.253121972571638,0.0357418592436974,-3.3314327492357774,0.8755013298319321,-0.13295860831742742,0.0013574116331674243,0.02805706404861176,0.026699652415444336,0.2066239906063617,0.011052911152975617,0.1955710794533861,0.1252751292135803,-4.386080580889065
2018-05-01,72.17554746468026,4.279101310759999,0.1462671836922268,-1.9223203044407418,0.782027826286764,-0.24586495558299268,0.0013990209137074087,0.057744174567300015,0.056345153653592606,0.23137031361513427,0.011893754543411874,0.2194765590717224,0.24833456456372893,-4.524966266342991
2018-06-01,76.4216311302255,4.33626578607552,0.0418522405462184,-3.173609945935688,0.7989913241859236,-0.2244051916153358,0.0014489497651044385,-0.015867018398738338,-0.017315968163842777,0.24557496783011223,0.012659604341100077,0.23291536348901215,0.22622646512512046,-4.560670977690856
2018-07-01,75.0585248272459,4.318268140266291,0.162999606092437,-1.8140074947891107,0.9169318441439069,-0.08672213430370306,0.0014739132560002434,0.02733251863305142,0.025858605377051178,0.20946191511274964,0.013433762482827056,0.1960281526299226,-0.07088834450365251,-4.404990274569994
2018-08-01,76.99159694131181,4.343696285266189,0.1430756671481092,-1.94438164777204,0.9286511465336129,-0.07402212572551034,0.0016070413503851972,0.029240825484855903,0.027633784134470707,0.2371263813118333,0.01420781752932048,0.22291856378251282,-0.06983627030953235,-4.417718410991699
2018-09-01,79.24158581064529,4.372501234384329,0.0335661323529411,-3.394237686038289,0.9378642505252094,-0.06415006270376257,0.0016236811160975672,-0.0028257432253777056,-0.004449424341475273,0.22763780745023507,0.015031818474853804,0.21260598897538127,-0.07052263988083286,-4.436651297088091
2018-10-01,79.00320800700608,4.369488459326173,0.0148220850840336,-4.211636975081266,0.9404108629201674,-0.061438411000370834,0.0017734265491417829,-0.0645797156217038,-0.06635314217084558,0.10121127426313348,0.016005564853431343,0.08520570940970214,-0.05934169540628339,-4.430926870326544
2018-11-01,73.9317361872737,4.303142183498233,0.1396872700892857,-1.9683491400688604,0.9450521176470582,-0.05651520205988404,0.0018399728778885607,-0.016900180808831967,-0.018740153686720527,0.093294111028174,0.016962594307279092,0.07633151672089492,-0.04153339421731499,-4.359657385558117
2018-12-01,72.64344749919003,4.285563193232787,0.0502025987394958,-2.991688485905316,0.9663311785714279,-0.03424866856402533,0.0019231495618483602,-0.08669493797688874,-0.0886180875387371,-0.004074143273280151,0.017936194833539247,-0.022010338106819398,-0.05440230067675895,-4.319811861796812
2019-01-01,66.59789648777296,4.198672992779876,0.0141859243697479,-4.255505047546786,0.9680945714285709,-0.032425498720886924,0.002031268909079209,0.08315695442052774,0.08112568551144854,-0.0005097237942667254,0.018901365560620727,-0.019411089354887452,-0.05312049353147865,-4.231098491500763
2019-02-01,72.20323630998364,4.2794848691322045,0.1563605336134453,-1.8555908253397138,0.9879518394170163,-0.012121327951706938,0.0020063193280230214,0.03624596462966759,0.03423964530164457,0.05457715150585131,0.019733374660875113,0.03484377684497619,-0.06750703526316532,-4.291606197083912
2019-03-01,74.82499875660453,4.315152037121383,0.0418030871848739,-3.174785086081192,0.9805641881565121,-0.019627170769933908,0.002031268909079209,0.0541952607417554,0.05216399183267619,0.12910516649422932,0.02051542416952242,0.10858974232470689,-0.0434878291809174,-4.334779207891317
2019-04-01,78.94191817037698,4.368712369032173,0.0475236344537815,-3.0465281242391464,0.9923459633665962,-0.007683479103847116,0.0020146359242064166,0.0513022135786306,0.04928757765442419,0.15235031602424814,0.021172648460561414,0.13117766756368673,-0.05911162275255294,-4.376395848136021
2019-05-01,82.93319602260567,4.418035416519567,0.156393881302521,-1.8553775737428593,1.0024726609768904,0.0024696089807362664,0.0020146359242064166,-0.06952793865588953,-0.07154257458009596,0.02507820280105859,0.021788263471060422,0.0032899393299981664,-0.07705843965825404,-4.41556580753883
2019-06-01,77.32449483583453,4.348010785550563,0.041202512605042,-3.189256038926928,1.001822933035714,0.0018212735097846815,0.0019564182983879833,0.09592737508077018,0.0939709567823822,0.1368725962805671,0.02229573200434397,0.11457686427622314,-0.06057058311627042,-4.346189512040778
2019-07-01,85.0925551702996,4.443739548442212,0.0153591123949579,-4.176046339718927,0.8541824393382349,-0.15761047880735557,0.0018067002670669053,0.02076252567261313,0.018955825405546224,0.13030260332012883,0.02262851901541063,0.1076740843047182,0.11142283277650333,-4.601350027249568
2019-08-01,86.7198940559345,4.462683316010867,0.1549035976890756,-1.864952305947329,0.8660103698792012,-0.1438583960350427,0.0017567892749922867,0.006298169329082648,0.004541380054090361,0.10735994716435557,0.02277826694001772,0.08458168022433785,0.09071670835807003,-4.60654171204591
2019-09-01,87.22599398789283,4.468502382684524,0.0415576859243697,-3.1806727946581597,0.8740019234506299,-0.13467270258459543,0.001748470534116803,-0.0015260984892943952,-0.003274569023411198,0.10865959190043888,0.022903056358036956,0.08575653554240192,0.09593139942244805,-4.603175085269119
2019-10-01,87.0659806968785,4.466666230030218,0.0270489758403361,-3.6101061361315177,0.8862288142069323,-0.12078010640665422,0.0014905552370621622,0.05972573228873492,0.05823517705167276,0.2329650398108776,0.022620185045957336,0.21034485476492026,0.0843959208408008,-4.587446336436872
2019-11-01,92.25488508110789,4.524555236327338,0.1600633009453781,-1.832185911080969,0.9066048450630247,-0.09804859627719903,0.0013158006212231701,0.02655696777726006,0.02524116715603689,0.27642218839696964,0.022096012789291943,0.2543261756076777,0.07635475408240094,-4.622603832604536
2019-12-01,94.6774116743262,4.5504754466540875,0.0587626922268907,-2.8342481113861737,0.9151649385504197,-0.08865096924078428,0.0013490895692954816,0.043490490127816465,0.04214140055852098,0.4066076165016749,0.021521952796739064,0.3850856637049358,0.22285848296817598,-4.6391264158948715
2020-01-01,98.86804268653152,4.593786058874117,0.017031906512605,-4.072666840332456,0.9180109206932767,-0.08554599225236557,0.0012325734025456683,0.01690439324264336,0.015671819840097693,0.3403550553237904,0.020723257290205525,0.3196317980335849,0.2204972114642918,-4.679332051126482
2020-02-01,100.3892543598884,4.609055173241729,0.1618090870535714,-1.8213381136753835,0.9234594741334029,-0.07962836321487225,0.0012991557316201288,-0.06202767560932539,-0.06332683134094552,0.24208141508479747,0.020016093693802632,0.22206532139099483,0.2241546709658902,-4.688683536456601
2020-03-01,94.2978213260404,4.546458085725015,0.0571791144957983,-2.861566578465347,0.9388355014443273,-0.0631149999508513,0.001207603886162124,-0.1436631638068622,-0.14487076769302432,0.04422299053617987,0.019192428670885546,0.025030561865294322,0.21271086058589428,-4.6095730856758665
2020-04-01,81.64067690863328,4.402327629291804,0.0440749737394957,-3.121863146512432,0.9353868407300415,-0.06679510185640006,2.4999687505149974e-05,0.15759612366356698,0.15757112397606182,0.15051690062111622,0.01720279243418428,0.13331410818693196,0.20411689786498163,-4.469122731148204
2020-05-01,95.40192257932252,4.558098731074263,0.1491320649947479,-1.9029230233593868,0.9281250244222684,-0.07458883067751777,8.332986130410212e-05,0.10071470289535757,0.10063137303405346,0.32075954217236335,0.015271486371281966,0.3054880558010814,0.24389419842588783,-4.632687561751781
2020-06-01,105.44889204642352,4.658226399960373,0.0560206144957983,-2.8820355399886597,0.9429431263130247,-0.05874930960648574,9.999500033329732e-05,0.06536152279473334,0.06526152779440005,0.29019368988632654,0.01341506307322728,0.2767786268130993,0.23232058406909525,-4.716975709566859
2020-07-01,112.5423127753394,4.723329264490073,0.0272787552521008,-3.601647075636572,0.9548627691701675,-0.046187646030852236,9.999500033329732e-05,0.04690737086966303,0.04680737586932974,0.3163385350833764,0.011708357806493671,0.30463017727688274,0.22283820339389912,-4.769516910520926
2020-08-01,117.79194569775537,4.768919896195379,0.1482864767594537,-1.908609222401738,0.9482456482405457,-0.05314168767697266,7.499718764066433e-05,0.12707579642476202,0.12700079923712135,0.4371161621790558,0.01002656571914205,0.42708959645991373,0.24229678463345783,-4.822061583872351
2020-09-01,133.69034033437734,4.895526232689878,0.0553115808823529,-2.8947729731682683,0.9619995431985289,-0.038741303162147384,7.499718764066433e-05,-0.07426729062989218,-0.07434228781753284,0.364374970038458,0.00835309237266591,0.3560218776657921,0.23267475445108515,-4.934267535852026
2020-10-01,124.09403926346984,4.821039659336372,0.0293191964285714,-3.529512809277483,0.9642697637867642,-0.03638418556585342,7.499718764066433e-05,-0.027966017881894335,-0.028041015069535,0.27668321986782873,0.0069375343232444125,0.26974568554458433,0.2328193875572968,-4.857423844902225
2020-11-01,120.5024131557771,4.79166977891921,0.1743333139443277,-1.7467862148033357,0.9785397767857138,-0.02169384219479808,6.666444454319759e-05,0.12783381591077497,0.12776715146623177,0.37796006800134363,0.00568839814656444,0.37227166985477916,0.23804542634475756,-4.813363621114008
2020-12-01,136.68071437633336,4.917647653867419,0.2238530294117647,-1.4967655611646464,1.1436301139705878,0.1342075137273917,5.8331632010544744e-05,0.02973746126658435,0.029679129634573805,0.3642070391401115,0.004397640209279503,0.35980939893083197,-0.04917426319178428,-4.783440140140028
2021-01-01,140.7878697647267,4.947254287773468,0.0178827468487394,-4.02391889414918,1.1444809543067223,0.1349512192119262,6.666444454319759e-05,0.02478520203417511,0.02471853758963191,0.3720878479316433,0.0032317312512770324,0.3688561166803663,-0.04822462588687511,-4.812303068561542
2021-02-01,144.143988548958,4.970812720467397,0.1728202257090336,-1.7555033825343611,1.1554920929621844,0.14452630775101794,4.999875004177061e-05,0.01908252303844037,0.0190325242883986,0.45319804657940904,0.0019825742696986744,0.4512154723097104,-0.0404464090414557,-4.82628641271638
2021-03-01,146.85679329944256,4.989457916700251,0.0630518161764705,-2.763798411649508,1.1613647946428567,0.149595860635043,2.4999687505149974e-05,0.0290164038623423,0.02899140417483715,0.6258776142486135,0.0007999700710417003,0.6250776441775718,-0.040664012491031507,-4.839862056065208
2021-04-01,151.14969312944334,5.018270690984857,0.029907431722689,-3.509648276871282,1.1471972526260499,0.13732179600858158,1.6666527779430154e-05,0.04804609973836012,0.04802943321058069,0.5163275903234067,0.0007916369113159804,0.5155359534120907,-0.030323520989952252,-4.880948894976275
2021-05-01,158.393782431338,5.065084226282521,0.1864165986081932,-1.6797713323679964,1.1844817862394952,0.16930536774837007,8.333298611358605e-06,-0.00868215247779471,-0.00869048577640607,0.4069307349502544,0.000716640348623237,0.40621409460163116,-0.0095775965407712,-4.895778858534151
2021-06-01,156.96400316047067,5.056016499827136,0.0610842962184874,-2.7955004635399945,1.1895454679621842,0.1735712744626095,8.333298611358605e-06,0.0570067173947802,0.05699838409616884,0.3985759295503013,0.0006249786469012981,0.3979509509034,-0.008022220454870221,-4.882445225364526
2021-07-01,166.13921385652878,5.112826074586373,0.0309473476890756,-3.4754679801609973,1.193214060399159,0.17665055736304688,4.166579863527393e-05,0.04513754135478997,0.0450958755561547,0.39680610003542816,0.0005666494452032749,0.39623945059022486,-0.008060685904520637,-4.936175517223326
2021-08-01,173.6394778870735,5.156981183556758,0.1633007468487395,-1.8121617055395103,1.208228330488445,0.18915509695648516,4.166579863527393e-05,0.0600153776603223,0.059973711861687026,0.3297456812709885,0.0005333180561978844,0.32921236321479064,0.019875664335876286,-4.967826086600273
2021-09-01,184.3147237967042,5.216644751862922,0.0610987394957983,-2.7952640432007265,1.2140154891018902,0.19393345128893777,3.333277779011948e-05,-0.05395088151303905,-0.05398421429082917,0.35006209038784164,0.0004916536463473396,0.3495704367414943,0.016361825918900286,-5.022711300573984
2021-10-01,174.60360940514488,5.1625183156153405,0.032360162815126,-3.430827155434726,1.2170564554884449,0.19643520199144338,6.666444454319759e-05,0.060087504015517094,0.0600208395709739,0.43811561228525303,0.0004833209032498728,0.43763229138200316,0.016640702395058826,-4.966083113623897
2021-11-01,185.20582954022055,5.22146779871572,0.198815666097689,-1.6153771845561862,1.2415388076418061,0.21635158414995947,4.166579863527393e-05,-0.0014887339424451299,-0.0015303997410804039,0.3087930624320329,0.0004583222573419492,0.308334740174691,0.0084773743236424,-5.00511621456576
2021-12-01,184.85937792363288,5.219595416709434,0.0710674894957983,-2.6441252971545017,1.0887532677258398,0.08503325053560742,7.499718764066433e-05,0.05317201212092157,0.0530970149332809,0.3322276132863702,0.00047498781297206874,0.3317526254733981,0.14248886022978074,-5.1345621661738265
